tree
version=v4
num_class=1
num_tree_per_iteration=1
label_index=0
max_feature_idx=19
objective=binary sigmoid:1
feature_names=nominal_debit nominal_credit nominal_log time_interval risk_velocity rolling_tx_count_1h rolling_tx_count_24h hour day_of_week is_weekend is_night nominal_dev liquidation_ratio transaction_category_encoded transaction_channel_encoded transaction_code_encoded transaction_type_encoded transaction_behavior_encoded transaction_direction_encoded transaction_risk_flag
feature_infos=[-402917.12599381595:32067943.947405793] [-1736316.7819799369:101317166.87724671] [9.6158721445288897:18.456572921758205] [-47005.737769210078:10908029] [-139801.83260802744:50000000] [0.91918485105601266:6.046939762565251] [0.89142146483262319:15] [0.53696333147525377:23.338670227135029] [-0.053360111583760236:6.0777821072286811] [-0.026693935418253087:1.0230266127881651] [-0.023917210532980834:1.0241084773735372] [-0.99887339636435379:11.078041549298687] [-0.0056125707679273188:0.32054816058449498] [-6.9563384272731125e-08:3] [0:3.0000000617462761] [0:5.0000000638621511] [-5.8862831309434666e-08:6.7445925072533456e-08] [-6.3645624970703581e-08:6.2754970673199875e-08] [-0.022521986637417658:1.0236881247600373] [-5.3192481758855933e-08:5.386067327960993e-08]
tree_sizes=406 886 674 777 456 667 1100 776 884 989 880 673 775 881 771 1095 991 670 771 1205 781 672 986 878 673 775 774 991 985 881 559 885 887 775 885 998 782 780 990 880 987 784 1097 1098 668 882 672 673 1316 1421 778 1104 674 887 882 669 888 1096 1094 997 889 1213 1318 1103 780 1099 565 1640 781 1208 673 1213 1107 1536 1632 1648 1321 1318 1103 1432 1321 1098 1325 782 1101 671 889 778 991 1548 1216 780 890 995 1330 892 1207 1000 1326 460 1118 1112 998 789 1000 1002 1002 787 1003 676 1219 568 566 785 569 679 1558 1006 904 790 1105 676 791 901 784 785 898 1344 897 573 1116 793 899 905 904 573 1236 793 906 788 574 794 794 686 906 1351 1015 910 1234 1014 1020 1131 1578 690 1129 798 1136 1922 1019 689 798 1026 1021 916 690 798 1023 906 912 801 911 1473 1023 916 805 1024 1027 1030 1026 695 584 917 472 927 696 696 1032 1369 1025 919 811 1149 1260 807 587 921 806 811 1032 1147

Tree=0
num_leaves=3
num_cat=0
split_feature=15 2
split_gain=2010.62 569.379
threshold=4.4999999624256475 14.66022381203962
decision_type=2 2
left_child=-1 -2
right_child=1 -3
leaf_value=-0.10000000000000001 -0.10000000000000001 0.10000000000000001
leaf_weight=282.5 40 322.5
leaf_count=1130 160 1290
internal_value=0 0.077931
internal_weight=645 362.5
internal_count=2580 1450
is_linear=0
shrinkage=0.05


Tree=1
num_leaves=7
num_cat=0
split_feature=15 2 1 2 0 3
split_gain=1819.28 515.196 2.27374e-13 2.27374e-13 2.84217e-14 2.84217e-14
threshold=4.4999999624256475 14.66022381203962 -458277.68265159021 13.789864937085763 975000.00000000012 322740.00000000006
decision_type=2 2 2 2 2 2
left_child=3 4 -3 -1 -2 -5
right_child=1 2 -4 5 -6 -7
leaf_value=-0.095241872246060344 -0.095241872246060344 0.095241872246060344 0.095241872246060344 -0.095241872246060344 -0.095241872246060344 -0.095241872246060344
leaf_weight=218.45341426134109 19.201955363154411 31.172005459666252 290.52309088408947 26.184484586119652 20.698211625218391 37.157030507922173
leaf_count=876 77 125 1165 105 83 149
internal_value=0 0.074223 0.0952419 -0.0952419 -0.0952419 -0.0952419
internal_weight=643.39 361.595 321.695 281.795 39.9002 63.3415
internal_count=2580 1450 1290 1130 160 254
is_linear=0
shrinkage=0.05


Tree=2
num_leaves=5
num_cat=0
split_feature=15 2 3 4
split_gain=1654.01 468.392 1.13687e-13 7.10543e-15
threshold=4.4999999624256475 14.66022381203962 2151155.8748261277 0.024194415995160794
decision_type=2 2 2 2
left_child=2 -2 -1 -4
right_child=1 -3 3 -5
leaf_value=-0.091131780775723592 -0.091131780775723592 0.091131780775723592 -0.091131780775723564 -0.091131780775723592
leaf_weight=262.73818108439445 39.621214866638184 319.44604486227036 10.400568902492525 6.6860800087451926
leaf_count=1061 160 1290 42 27
internal_value=0 0.0710199 -0.0911318 -0.0911318
internal_weight=638.892 359.067 279.825 17.0866
internal_count=2580 1450 1130 69
is_linear=0
shrinkage=0.05


Tree=3
num_leaves=6
num_cat=0
split_feature=15 2 0 3 11
split_gain=1509.94 427.594 1.13687e-13 1.42109e-14 1.42109e-14
threshold=4.4999999624256475 14.66022381203962 31659578.571572702 473405.50000000006 -0.42349206815640716
decision_type=2 2 2 2 2
left_child=-1 3 -3 4 -2
right_child=1 2 -4 -5 -6
leaf_value=-0.087549100739152091 -0.087549100739152091 0.087549100739152091 0.087549100739152091 -0.087549100739152091 -0.08754910073915205
leaf_weight=276.78630605340004 21.555039763450623 309.11886569857597 6.8584217429161063 10.77751988172531 6.8584217429161098
leaf_count=1130 88 1262 28 44 28
internal_value=0 0.0682279 0.0875491 -0.0875491 -0.0875491
internal_weight=631.955 355.168 315.977 39.191 28.4135
internal_count=2580 1450 1290 160 116
is_linear=0
shrinkage=0.05


Tree=4
num_leaves=3
num_cat=0
split_feature=15 2
split_gain=1383.37 391.75
threshold=4.4999999624256475 14.66022381203962
decision_type=2 2
left_child=-1 -2
right_child=1 -3
leaf_value=-0.084401502427522396 -0.084401502427522396 0.084401502427522396
leaf_weight=272.85097360610962 38.633766174316406 311.48473978042603
leaf_count=1130 160 1290
internal_value=0 0.065775
internal_weight=622.969 350.119
internal_count=2580 1450
is_linear=0
shrinkage=0.05


Tree=5
num_leaves=5
num_cat=0
split_feature=15 2 0 0
split_gain=1271.4 360.043 1.13687e-13 1.13687e-13
threshold=4.4999999624256475 14.66022381203962 775000.00000000012 31511322.763726432
decision_type=2 2 2 2
left_child=2 -2 -1 -3
right_child=1 3 -4 -5
leaf_value=-0.081617122023786348 -0.081617122023786348 0.081617122023786348 -0.081617122023786348 0.081617122023786348
leaf_weight=242.5384875535965 37.970800399780273 296.17224311828613 25.630290269851685 9.96733510494232
leaf_count=1022 160 1248 108 42
internal_value=0 0.0636051 -0.0816171 0.0816171
internal_weight=612.279 344.11 268.169 306.14
internal_count=2580 1450 1130 1290
is_linear=0
shrinkage=0.05


Tree=6
num_leaves=9
num_cat=0
split_feature=15 2 0 0 3 11 11 3
split_gain=1171.75 331.824 1.13687e-13 1.13687e-13 1.42109e-14 1.42109e-14 7.10543e-15 3.55271e-15
threshold=4.4999999624256475 14.66022381203962 975000.00000000012 31511322.763726432 560709.00000000012 -0.42349206815640716 -0.35650011328823711 133.50000000000003
decision_type=2 2 2 2 2 2 2 2
left_child=2 4 -1 -3 5 -2 -4 -5
right_child=1 3 6 7 -6 -7 -8 -9
leaf_value=-0.079139124155677046 -0.079139124155677046 0.079139124155677046 -0.079139124155677046 0.079139124155677074 -0.079139124155677046 -0.079139124155677004 -0.079139124155677046 0.079139124155677032
leaf_weight=248.44785279035568 21.169245883822441 290.32108640670776 9.5377921015024167 4.8852105885744077 9.5377921015024167 6.5136141180992153 4.8852105885744086 4.8852105885744095
leaf_count=1068 91 1248 41 21 41 28 21 21
internal_value=0 0.0616739 -0.0791391 0.0791391 -0.0791391 -0.0791391 -0.0791391 0.0791391
internal_weight=600.183 337.312 262.871 300.092 37.2207 27.6829 14.423 9.77042
internal_count=2580 1450 1130 1290 160 119 62 42
is_linear=0
shrinkage=0.05


Tree=7
num_leaves=6
num_cat=0
split_feature=15 2 1 0 3
split_gain=1082.6 306.576 2.27374e-13 1.13687e-13 1.42109e-14
threshold=4.4999999624256475 14.66022381203962 21939540.489470687 975000.00000000012 622240.50000000012
decision_type=2 2 2 2 2
left_child=3 4 -3 -1 -2
right_child=1 2 -4 -5 -6
leaf_value=-0.076921967446682823 -0.076921967446682823 0.076921967446682823 0.076921967446682823 -0.076921967446682823 -0.076921967446682823
leaf_weight=242.96698325872421 29.119638442993164 245.46945218741894 48.001903995871544 14.104824870824812 7.2799096107482901
leaf_count=1068 128 1079 211 62 32
internal_value=0 0.0599461 0.076922 -0.076922 -0.076922
internal_weight=586.943 329.871 293.471 257.072 36.3995
internal_count=2580 1450 1290 1130 160
is_linear=0
shrinkage=0.05


Tree=8
num_leaves=7
num_cat=0
split_feature=15 2 0 0 3 4
split_gain=1002.44 283.878 1.13687e-13 1.13687e-13 1.42109e-14 3.55271e-15
threshold=4.4999999624256475 14.66022381203962 975000.00000000012 31548787.689380009 303071.00000000006 4.1356301786318124
decision_type=2 2 2 2 2 2
left_child=2 4 -1 -3 -2 -4
right_child=1 3 5 -5 -6 -7
leaf_value=-0.074928717734039779 -0.074928717734039779 0.074928717734039779 -0.074928717734039793 0.074928717734039779 -0.074928717734039779 -0.074928717734039765
leaf_weight=237.10712724924088 18.870885595679283 277.73503388464451 6.6603125631809217 8.6584063321351987 16.650781407952309 7.1043334007263184
leaf_count=1068 85 1251 30 39 75 32
internal_value=0 0.0583927 -0.0749287 0.0749287 -0.0749287 -0.0749287
internal_weight=572.787 321.915 250.872 286.393 35.5217 13.7646
internal_count=2580 1450 1130 1290 160 62
is_linear=0
shrinkage=0.05


Tree=9
num_leaves=8
num_cat=0
split_feature=15 2 0 0 0 4 1
split_gain=930.077 263.385 1.13687e-13 1.13687e-13 1.42109e-14 7.10543e-15 3.55271e-15
threshold=4.4999999624256475 14.66022381203962 1250000.0000000002 31349607.338254195 975000.00000000012 3.2245245881822799 -93442.788531034268
decision_type=2 2 2 2 2 2 2
left_child=2 4 -1 -3 -2 -6 -5
right_child=1 3 -4 6 5 -7 -8
leaf_value=-0.073129109219791502 -0.073129109219791502 0.073129109219791502 -0.073129109219791502 0.073129109219791474 -0.073129109219791461 -0.073129109219791502 0.073129109219791516
leaf_weight=237.22198615968227 16.650950714945793 268.57767257094383 7.1361217349767676 4.5411683768033981 6.2711372822523144 11.677290111780165 5.8386450558900815
leaf_count=1097 77 1242 33 21 29 54 27
internal_value=0 0.0569903 -0.0731291 0.0731291 -0.0731291 -0.0731291 0.0731291
internal_weight=557.915 313.557 244.358 278.957 34.5994 17.9484 10.3798
internal_count=2580 1450 1130 1290 160 83 48
is_linear=0
shrinkage=0.05


Tree=10
num_leaves=7
num_cat=0
split_feature=15 2 3 0 0 3
split_gain=864.489 244.811 1.13687e-13 5.68434e-14 1.42109e-14 3.55271e-15
threshold=4.4999999624256475 14.66022381203962 1349637.4009034054 975000.00000000012 975000.00000000012 418741.50000000006
decision_type=2 2 2 2 2 2
left_child=3 4 -3 -1 -2 -5
right_child=1 2 -4 5 -6 -7
leaf_value=-0.071498061843969146 -0.071498061843969146 0.071498061843969146 0.071498061843969146 -0.07149806184396916 -0.071498061843969146 -0.071498061843969132
leaf_weight=224.57014507055283 16.190918698906898 257.162254139781 14.088201984763144 7.7800518423318845 17.45254872739315 5.2567917853593826
leaf_count=1068 77 1223 67 37 83 25
internal_value=0 0.0557192 0.0714981 -0.0714981 -0.0714981 -0.0714981
internal_weight=542.501 304.894 271.25 237.607 33.6435 13.0368
internal_count=2580 1450 1290 1130 160 62
is_linear=0
shrinkage=0.05


Tree=11
num_leaves=5
num_cat=0
split_feature=15 2 2 3
split_gain=804.838 227.919 5.68434e-14 1.42109e-14
threshold=4.4999999624256475 14.66022381203962 10.767119137469029 483122.00000000006
decision_type=2 2 2 2
left_child=2 3 -1 -2
right_child=1 -3 -4 -5
leaf_value=-0.070014658411279893 -0.070014658411279893 0.070014658411279893 -0.070014658411279893 -0.070014658411279893
leaf_weight=38.583531618118286 23.885043382644653 263.34791421890259 192.1010754108429 8.7782638072967512
leaf_count=189 117 1290 941 43
internal_value=0 0.0545631 -0.0700147 -0.0700147
internal_weight=526.696 296.011 230.685 32.6633
internal_count=2580 1450 1130 160
is_linear=0
shrinkage=0.05


Tree=12
num_leaves=6
num_cat=0
split_feature=15 2 0 0 0
split_gain=750.414 212.507 5.68434e-14 5.68434e-14 7.10543e-15
threshold=4.4999999624256475 14.66022381203962 550000.00000000012 31659578.571572702 975000.00000000012
decision_type=2 2 2 2 2
left_child=2 -2 -1 -3 -4
right_child=1 3 4 -5 -6
leaf_value=-0.068661265570651789 -0.068661265570651789 0.068661265570651789 -0.068661265570651775 0.068661265570651789 -0.068661265570651789
leaf_weight=196.9294012337923 31.667039394378662 249.7737732231617 14.448086723685266 5.541731894016265 12.27097776532173
leaf_count=995 160 1262 73 28 62
internal_value=0 0.0535084 -0.0686613 0.0686613 -0.0686613
internal_weight=510.631 286.983 223.648 255.316 26.7191
internal_count=2580 1450 1130 1290 135
is_linear=0
shrinkage=0.05


Tree=13
num_leaves=7
num_cat=0
split_feature=15 2 0 0 0 3
split_gain=700.619 198.405 5.68434e-14 5.68434e-14 1.42109e-14 7.10543e-15
threshold=4.4999999624256475 14.66022381203962 775000.00000000012 18999360.878681134 31548787.689380009 473405.50000000006
decision_type=2 2 2 2 2 2
left_child=2 5 -1 -3 -5 -2
right_child=1 3 -4 4 -6 -7
leaf_value=-0.067422959538740876 -0.067422959538740862 0.067422959538740876 -0.067422959538740876 0.067422959538740876 0.067422959538740876 -0.067422959538740876
leaf_weight=195.85162252187729 22.229734063148502 207.15812519192696 20.696648955345154 32.578058540821075 7.4737899005413047 8.4319680929183942
leaf_count=1022 116 1081 108 170 39 44
internal_value=0 0.0525434 -0.067423 0.067423 0.067423 -0.067423
internal_weight=494.42 277.872 216.548 247.21 40.0518 30.6617
internal_count=2580 1450 1130 1290 209 160
is_linear=0
shrinkage=0.05


Tree=14
num_leaves=6
num_cat=0
split_feature=15 2 0 0 3
split_gain=654.939 185.469 5.68434e-14 5.68434e-14 7.10543e-15
threshold=4.4999999624256475 14.66022381203962 1250000.0000000002 31588702.462338831 80934.500000000015
decision_type=2 2 2 2 2
left_child=2 4 -1 -3 -2
right_child=1 3 -4 -5 -6
leaf_value=-0.06628697560704204 -0.066286975607041984 0.06628697560704204 -0.06628697560704204 0.06628697560704204 -0.06628697560704204
leaf_weight=203.31090432405472 4.2626716494560268 232.40827167034149 6.1160071492195121 6.6720077991485587 25.390696346759796
leaf_count=1097 23 1254 33 36 137
internal_value=0 0.0516581 -0.066287 0.066287 -0.066287
internal_weight=478.161 268.734 209.427 239.08 29.6534
internal_count=2580 1450 1130 1290 160
is_linear=0
shrinkage=0.05


Tree=15
num_leaves=9
num_cat=0
split_feature=15 2 0 0 0 3 4 0
split_gain=612.932 173.574 5.68434e-14 5.68434e-14 1.42109e-14 7.10543e-15 7.10543e-15 3.55271e-15
threshold=4.4999999624256475 14.66022381203962 550000.00000000012 15952084.059846072 23909488.183130559 940075.50000000012 3.4343417979074733 31621570.366124626
decision_type=2 2 2 2 2 2 2 2
left_child=2 5 -1 -3 -5 6 -2 -6
right_child=1 3 -4 4 7 -7 -8 -9
leaf_value=-0.065242368042419771 -0.065242368042419743 0.065242368042419771 -0.065242368042419771 0.065242368042419771 0.065242368042419785 -0.065242368042419771 -0.065242368042419771 0.065242368042419771
leaf_weight=178.15009295940399 12.533172369003301 167.04928314685822 24.171118140220642 52.818369269371033 5.1923142671585065 3.5809063911437979 12.533172369003294 5.9084955453872681
leaf_count=995 70 933 135 295 29 20 70 33
internal_value=0 0.0508441 -0.0652424 0.0652424 0.0652424 -0.0652424 -0.0652424 0.0652424
internal_weight=461.937 259.616 202.321 230.968 63.9192 28.6473 25.0663 11.1008
internal_count=2580 1450 1130 1290 357 160 140 62
is_linear=0
shrinkage=0.05


Tree=16
num_leaves=8
num_cat=0
split_feature=15 2 0 0 3 9 3
split_gain=574.22 162.611 5.68434e-14 5.68434e-14 5.68434e-14 7.10543e-15 3.55271e-15
threshold=4.4999999624256475 14.66022381203962 1250000.0000000002 31621570.366124626 60861.000000000007 0.99979319486339724 49950.500000000007
decision_type=2 2 2 2 2 2 2
left_child=2 5 4 -3 6 -2 -1
right_child=1 3 -4 -5 -6 -7 -8
leaf_value=-0.064279664959604021 -0.064279664959604049 0.064279664959604049 -0.064279664959604049 0.064279664959604049 -0.064279664959604049 -0.064279664959604008 -0.064279664959604049
leaf_weight=14.16950383782387 18.662273347377777 217.20812590420246 5.7023613005876532 5.7023613005876532 171.24363784492016 8.9855390191078204 4.1471718549728385
leaf_count=82 108 1257 33 33 991 52 24
internal_value=0 0.0500938 -0.0642797 0.0642797 -0.0642797 -0.0642797 -0.0642797
internal_weight=445.821 250.558 195.263 222.91 189.56 27.6478 18.3167
internal_count=2580 1450 1130 1290 1097 160 106
is_linear=0
shrinkage=0.05


Tree=17
num_leaves=5
num_cat=0
split_feature=15 2 0 0
split_gain=538.47 152.487 5.68434e-14 5.68434e-14
threshold=4.4999999624256475 14.66022381203962 73422.837288726922 23885868.135745354
decision_type=2 2 2 2
left_child=2 -2 -1 -3
right_child=1 3 -4 -5
leaf_value=-0.063390651975293533 -0.063390651975293533 0.063390651975293533 -0.063390651975293533 0.063390651975293533
leaf_weight=86.807848334312439 26.658840179443359 203.9401273727417 101.47021043300629 10.996771574020384
leaf_count=521 160 1224 609 66
internal_value=0 0.049401 -0.0633907 0.0633907
internal_weight=429.874 241.596 188.278 214.937
internal_count=2580 1450 1130 1290
is_linear=0
shrinkage=0.05


Tree=18
num_leaves=6
num_cat=0
split_feature=15 2 0 3 3
split_gain=505.396 143.121 5.68434e-14 2.84217e-14 7.10543e-15
threshold=4.4999999624256475 14.66022381203962 550000.00000000012 681.53921162394101 254177.50000000003
decision_type=2 2 2 2 2
left_child=2 -2 3 -1 -4
right_child=1 -3 4 -5 -6
leaf_value=-0.06256815182797236 -0.06256815182797236 0.06256815182797236 -0.062568151827972332 -0.06256815182797236 -0.06256815182797236
leaf_weight=4.3340963870286933 25.683534145355225 207.0734940469265 8.3471485972404498 155.38538157939911 13.323333337903021
leaf_count=27 160 1290 52 968 83
internal_value=0 0.04876 -0.0625682 -0.0625682 -0.0625682
internal_weight=414.147 232.757 181.39 159.719 21.6705
internal_count=2580 1450 1130 995 135
is_linear=0
shrinkage=0.05


Tree=19
num_leaves=10
num_cat=0
split_feature=15 2 0 0 0 0 3 3 3
split_gain=474.743 134.441 5.68434e-14 5.68434e-14 2.84217e-14 7.10543e-15 3.55271e-15 3.55271e-15 3.55271e-15
threshold=4.4999999624256475 14.66022381203962 444908.91328899178 31659578.571572702 246852.42001051226 775000.00000000012 695280.00000000012 442707.50000000006 250067.50000000003
decision_type=2 2 2 2 2 2 2 2 2
left_child=2 -2 4 -3 -1 6 -4 -6 -7
right_child=1 3 5 -5 7 8 -8 -9 -10
leaf_value=-0.061805886229419231 -0.061805886229419231 0.061805886229419231 -0.06180588622941921 0.061805886229419231 -0.061805886229419238 -0.061805886229419196 -0.061805886229419231 -0.061805886229419217 -0.061805886229419231
leaf_weight=129.18589961528778 24.724574089050293 195.01507812738419 10.817001163959505 4.3268004655838004 7.7264294028282148 6.0266149342060116 4.3268004655838004 5.8720863461494446 10.662472575902937
leaf_count=836 160 1262 70 28 50 39 28 38 69
internal_value=0 0.048166 -0.0618059 0.0618059 -0.0618059 -0.0618059 -0.0618059 -0.0618059 -0.0618059
internal_weight=398.684 224.066 174.617 199.342 142.784 31.8329 15.1438 13.5985 16.6891
internal_count=2580 1450 1130 1290 924 206 98 88 108
is_linear=0
shrinkage=0.05


Tree=20
num_leaves=6
num_cat=0
split_feature=15 2 3 3 11
split_gain=446.289 126.383 2.84217e-14 7.10543e-15 3.55271e-15
threshold=4.4999999624256475 14.66022381203962 56971.500000000007 732677.50000000012 -0.68280867235253895
decision_type=2 2 2 2 2
left_child=2 3 4 -2 -1
right_child=1 -3 -4 -5 -6
leaf_value=-0.061098302904556416 -0.061098302904556402 0.061098302904556416 -0.061098302904556416 -0.061098302904556416 -0.061098302904556416
leaf_weight=12.04074217379093 19.770601347088817 191.75996795296669 152.96202094852924 4.0135807245969763 2.973022758960723
leaf_count=81 133 1290 1029 27 20
internal_value=0 0.0476145 -0.0610983 -0.0610983 -0.0610983
internal_weight=383.52 215.544 167.976 23.7842 15.0138
internal_count=2580 1450 1130 160 101
is_linear=0
shrinkage=0.05


Tree=21
num_leaves=5
num_cat=0
split_feature=15 2 0 1
split_gain=419.838 118.892 5.68434e-14 5.68434e-14
threshold=4.4999999624256475 14.66022381203962 31659578.571572702 17940506.203670535
decision_type=2 2 2 2
left_child=3 -2 -3 -1
right_child=1 2 -4 -5
leaf_value=-0.060440514164336968 -0.060440514164336968 0.060440514164336968 0.060440514164336968 -0.060440514164336968
leaf_weight=154.61898237466812 22.864174842834473 180.3411790728569 4.0012305974960318 6.8592524528503409
leaf_count=1082 160 1262 28 48
internal_value=0 0.0471019 0.0604405 -0.0604405
internal_weight=368.685 207.207 184.342 161.478
internal_count=2580 1450 1290 1130
is_linear=0
shrinkage=0.05


Tree=22
num_leaves=8
num_cat=0
split_feature=15 2 0 0 0 0 0
split_gain=395.215 111.919 2.84217e-14 2.84217e-14 7.10543e-15 3.55271e-15 1.77636e-15
threshold=4.4999999624256475 14.66022381203962 199800.17450528263 23947360.4195356 975000.00000000012 975000.00000000012 31659578.571572702
decision_type=2 2 2 2 2 2 2
left_child=2 5 -1 -3 -4 -2 -5
right_child=1 3 4 6 -6 -7 -8
leaf_value=-0.059828175091086545 -0.059828175091086525 0.059828175091086545 -0.059828175091086545 0.059828175091086545 -0.059828175091086545 -0.059828175091086545 0.059828175091086538
leaf_weight=110.92839431762695 10.571146488189699 169.13834381103516 35.694780349731445 4.118628501892089 8.5118322372436506 11.394872188568113 3.8440532684326172
leaf_count=808 77 1232 260 30 62 83 28
internal_value=0 0.0466247 -0.0598282 0.0598282 -0.0598282 -0.0598282 0.0598282
internal_weight=354.202 199.067 155.135 177.101 44.2066 21.966 7.96268
internal_count=2580 1450 1130 1290 322 160 58
is_linear=0
shrinkage=0.05


Tree=23
num_leaves=7
num_cat=0
split_feature=15 2 0 0 0 3
split_gain=372.263 105.42 2.84217e-14 2.84217e-14 2.84217e-14 2.84217e-14
threshold=4.4999999624256475 14.66022381203962 550000.00000000012 23695881.314592857 15741724.613526979 1990830.4860063347
decision_type=2 2 2 2 2 2
left_child=2 -2 5 4 -3 -1
right_child=1 3 -4 -5 -6 -7
leaf_value=-0.05925741706844221 -0.05925741706844221 0.05925741706844221 -0.05925741706844221 0.05925741706844221 0.05925741706844221 -0.05925741706844221
leaf_weight=119.55884173512459 21.090865135192871 119.55884173512459 17.795417457818985 16.081784665584564 34.404473751783371 11.599975824356077
leaf_count=907 160 907 135 122 261 88
internal_value=0 0.0461799 -0.0592574 0.0592574 0.0592574 -0.0592574
internal_weight=340.09 191.136 148.954 170.045 153.963 131.159
internal_count=2580 1450 1130 1290 1168 995
is_linear=0
shrinkage=0.05


Tree=24
num_leaves=5
num_cat=0
split_feature=15 2 0 4
split_gain=350.845 99.3542 2.84217e-14 2.84217e-14
threshold=4.4999999624256475 14.66022381203962 24002816.629152801 9.8807715054350833
decision_type=2 2 2 2
left_child=3 -2 -3 -1
right_child=1 2 -4 -5
leaf_value=-0.058724781340214943 -0.058724781340214943 0.058724781340214943 0.058724781340214943 -0.058724781340214943
leaf_weight=114.35370600223541 20.239593982696533 156.35086351633072 6.8308629691600791 28.588426500558853
leaf_count=904 160 1236 54 226
internal_value=0 0.0457648 0.0587248 -0.0587248
internal_weight=326.363 183.421 163.182 142.942
internal_count=2580 1450 1290 1130
is_linear=0
shrinkage=0.05


Tree=25
num_leaves=6
num_cat=0
split_feature=15 2 0 0 3
split_gain=330.835 93.6877 2.84217e-14 2.84217e-14 3.55271e-15
threshold=4.4999999624256475 14.66022381203962 199800.17450528263 19221091.114396121 191153.00000000003
decision_type=2 2 2 2 2
left_child=2 4 -1 -3 -2
right_child=1 3 -4 -5 -6
leaf_value=-0.05822718039286004 -0.058227180392860012 0.05822718039286004 -0.05822718039286004 0.05822718039286004 -0.05822718039286004
leaf_weight=98.034899234771729 7.1584889292717007 138.80188703536987 39.068363308906555 17.714226841926575 12.254362404346464
leaf_count=808 59 1144 322 146 101
internal_value=0 0.045377 -0.0582272 0.0582272 -0.0582272
internal_weight=313.032 175.929 137.103 156.516 19.4129
internal_count=2580 1450 1130 1290 160
is_linear=0
shrinkage=0.05


Tree=26
num_leaves=6
num_cat=0
split_feature=15 2 1 0 3
split_gain=312.121 88.3883 2.84217e-14 3.55271e-15 1.77636e-15
threshold=4.4999999624256475 14.66022381203962 10250000.000000002 975000.00000000012 560709.00000000012
decision_type=2 2 2 2 2
left_child=2 3 -1 -2 -5
right_child=1 -3 -4 4 -6
leaf_value=-0.05776180925296346 -0.057761809252963439 0.05776180925296346 -0.05776180925296346 -0.05776180925296346 -0.057761809252963439
leaf_weight=120.27407015860081 8.956579692661764 150.05178965628147 11.166644811630247 6.9791530072689039 2.6753419861197472
leaf_count=1034 77 1290 96 60 23
internal_value=0 0.0450144 -0.0577618 -0.0577618 -0.0577618
internal_weight=300.104 168.663 131.441 18.6111 9.65449
internal_count=2580 1450 1130 160 83
is_linear=0
shrinkage=0.05


Tree=27
num_leaves=8
num_cat=0
split_feature=15 2 0 0 1 0 3
split_gain=294.603 83.4275 2.84217e-14 2.84217e-14 2.84217e-14 3.55271e-15 3.55271e-15
threshold=4.4999999624256475 14.66022381203962 1250000.0000000002 14778.408039626953 74499410.14352335 975000.00000000012 1067333.5000000002
decision_type=2 2 2 2 2 2 2
left_child=2 5 3 6 -3 -2 -1
right_child=1 4 -4 -5 -6 -7 -8
leaf_value=-0.057326173855321155 -0.057326173855321141 0.057326173855321162 -0.057326173855321162 -0.057326173855321162 0.057326173855321162 -0.057326173855321162 -0.057326173855321162
leaf_weight=16.71986393630505 8.5828634873032588 132.3098566159606 3.6783700659871092 100.87651241570711 11.480973236262797 9.2516580447554571 4.681561902165412
leaf_count=150 77 1187 33 905 103 83 42
internal_value=0 0.0446749 -0.0573262 -0.0573262 0.0573262 -0.0573262 -0.0573262
internal_weight=287.582 161.625 125.956 122.278 143.791 17.8345 21.4014
internal_count=2580 1450 1130 1097 1290 160 192
is_linear=0
shrinkage=0.05


Tree=28
num_leaves=8
num_cat=0
split_feature=15 2 0 0 0 3 3
split_gain=278.19 78.7794 2.84217e-14 2.84217e-14 3.55271e-15 1.77636e-15 8.88178e-16
threshold=4.4999999624256475 14.66022381203962 975000.00000000012 31621570.366124626 975000.00000000012 493438.00000000006 166067.50000000003
decision_type=2 2 2 2 2 2 2
left_child=2 4 -1 -3 -2 6 -4
right_child=1 3 5 -5 -6 -7 -8
leaf_value=-0.056918004151423542 -0.056918004151423521 0.056918004151423542 -0.056918004151423542 0.056918004151423542 -0.056918004151423542 -0.056918004151423521 -0.056918004151423521
leaf_weight=114.03099006414413 8.2213354259729403 134.21063156425953 2.1354117989540091 3.5234294682741156 8.8619589656591398 2.2421823889017105 2.2421823889017105
leaf_count=1068 77 1257 20 33 83 21 21
internal_value=0 0.0443568 -0.056918 0.056918 -0.056918 -0.056918 -0.056918
internal_weight=275.468 154.817 120.651 137.734 17.0833 6.61978 4.37759
internal_count=2580 1450 1130 1290 160 62 41
is_linear=0
shrinkage=0.05


Tree=29
num_leaves=7
num_cat=0
split_feature=15 2 0 0 3 0
split_gain=262.798 74.4207 2.84217e-14 2.84217e-14 2.84217e-14 3.55271e-15
threshold=4.4999999624256475 14.66022381203962 1250000.0000000002 -89644.018038588969 483122.00000000006 1750000.0000000002
decision_type=2 2 2 2 2 2
left_child=2 5 4 -3 -1 -2
right_child=1 3 -4 -5 -6 -7
leaf_value=-0.05653524200983126 -0.056535242009831232 0.05653524200983126 -0.05653524200983126 0.05653524200983126 -0.05653524200983126 -0.05653524200983126
leaf_weight=56.944067403674126 12.472488731145861 6.6451784223318091 3.3737059682607642 125.23605488240719 55.206097662448883 3.884873539209365
leaf_count=557 122 65 33 1225 540 38
internal_value=0 0.0440585 -0.0565352 0.0565352 -0.0565352 -0.0565352
internal_weight=263.762 148.239 115.524 131.881 112.15 16.3574
internal_count=2580 1450 1130 1290 1097 160
is_linear=0
shrinkage=0.05


Tree=30
num_leaves=4
num_cat=0
split_feature=15 2 3
split_gain=248.353 70.33 3.55271e-15
threshold=4.4999999624256475 14.66022381203962 279475.41953139234
decision_type=2 2 2
left_child=-1 2 -2
right_child=1 -3 -4
leaf_value=-0.05617602089161379 -0.056176020891613804 0.05617602089161379 -0.05617602089161379
leaf_weight=110.57459436357021 7.9261434897780401 126.23117409646511 7.7304362431168556
leaf_count=1130 81 1290 79
internal_value=0 0.0437786 -0.056176
internal_weight=252.462 141.888 15.6566
internal_count=2580 1450 160
is_linear=0
shrinkage=0.05


Tree=31
num_leaves=7
num_cat=0
split_feature=15 2 0 0 1 3
split_gain=234.786 66.4881 2.84217e-14 2.84217e-14 2.84217e-14 3.55271e-15
threshold=4.4999999624256475 14.66022381203962 1250000.0000000002 31659578.571572702 -705946.7209180434 148183.00000000003
decision_type=2 2 2 2 2 2
left_child=2 5 -1 4 -3 -2
right_child=1 3 -4 -5 -6 -7
leaf_value=-0.055838641332566767 -0.055838641332566767 0.055838641332566767 -0.055838641332566767 0.055838641332566767 0.055838641332566767 -0.055838641332566767
leaf_weight=102.71144900470972 4.6814698725938788 5.0559874624013892 3.0897701159119597 2.6216231286525717 113.10431212186813 10.299233719706534
leaf_count=1097 50 54 33 28 1208 110
internal_value=0 0.0435156 -0.0558386 0.0558386 0.0558386 -0.0558386
internal_weight=241.564 135.763 105.801 120.782 118.16 14.9807
internal_count=2580 1450 1130 1290 1262 160
is_linear=0
shrinkage=0.05


Tree=32
num_leaves=7
num_cat=0
split_feature=15 2 1 0 0 3
split_gain=222.035 62.8772 2.84217e-14 1.42109e-14 3.55271e-15 3.55271e-15
threshold=4.4999999624256475 14.66022381203962 50033206.712992586 444908.91328899178 1250000.0000000002 705992.54294934426
decision_type=2 2 2 2 2 2
left_child=3 5 -3 -1 -5 -2
right_child=1 2 -4 4 -6 -7
leaf_value=-0.055521556350261507 -0.055521556350261507 0.055521556350261507 0.055521556350261507 -0.055521556350261493 -0.055521556350261507 -0.055521556350261507
leaf_weight=82.752333551645279 11.732203133404253 104.42556376755238 11.105291515588759 15.493672840297224 2.9554404839873305 2.5972052738070479
leaf_count=924 131 1166 124 173 33 29
internal_value=0 0.0432685 0.0555216 -0.0555216 -0.0555216 -0.0555216
internal_weight=231.062 129.86 115.531 101.201 18.4491 14.3294
internal_count=2580 1450 1290 1130 206 160
is_linear=0
shrinkage=0.05


Tree=33
num_leaves=6
num_cat=0
split_feature=15 2 3 0 0
split_gain=210.043 59.4813 2.84217e-14 3.55271e-15 1.77636e-15
threshold=4.4999999624256475 14.66022381203962 1349637.4009034054 975000.00000000012 444908.91328899178
decision_type=2 2 2 2 2
left_child=2 3 -1 4 -2
right_child=1 -3 -4 -5 -6
leaf_value=-0.05522334509566465 -0.055223345095664657 0.05522334509566465 -0.05522334509566465 -0.055223345095664636 -0.055223345095664622
leaf_weight=82.128143906593323 3.4255743026733381 110.47477126121521 14.644330143928526 7.1080666780471802 3.1686562299728394
leaf_count=959 40 1290 171 83 37
internal_value=0 0.0430361 -0.0552233 -0.0552233 -0.0552233
internal_weight=220.95 124.177 96.7725 13.7023 6.59423
internal_count=2580 1450 1130 160 77
is_linear=0
shrinkage=0.05


Tree=34
num_leaves=7
num_cat=0
split_feature=15 2 0 0 11 3
split_gain=198.759 56.2856 2.84217e-14 1.42109e-14 3.55271e-15 1.77636e-15
threshold=4.4999999624256475 14.66022381203962 23947360.4195356 1250000.0000000002 -0.30625934085088552 166067.50000000003
decision_type=2 2 2 2 2 2
left_child=3 4 -3 -1 5 -2
right_child=1 2 -4 -5 -6 -7
leaf_value=-0.054942717015494948 -0.054942717015494962 0.054942717015494948 0.054942717015494948 -0.054942717015494948 -0.054942717015494948 -0.054942717015494941
leaf_weight=89.809441559016705 3.5203336253762227 100.86165177822113 4.7483569830656043 2.7016513869166365 2.0467055961489669 7.5318765938282013
leaf_count=1097 43 1232 58 33 25 92
internal_value=0 0.0428174 0.0549427 -0.0549427 -0.0549427 -0.0549427
internal_weight=211.22 118.709 105.61 92.5111 13.0989 11.0522
internal_count=2580 1450 1290 1130 160 135
is_linear=0
shrinkage=0.05


Tree=35
num_leaves=8
num_cat=0
split_feature=15 2 18 0 0 0 3
split_gain=188.133 53.2765 2.84217e-14 1.42109e-14 3.55271e-15 1.77636e-15 1.77636e-15
threshold=4.4999999624256475 14.66022381203962 -0.0053857184871664932 349966.20868443185 550000.00000000012 975000.00000000012 771131.50000000012
decision_type=2 2 2 2 2 2 2
left_child=3 5 -3 -1 -5 -2 -6
right_child=1 2 -4 4 6 -7 -8
leaf_value=-0.054678473612631798 -0.054678473612631812 0.054678473612631798 0.054678473612631798 -0.054678473612631777 -0.054678473612631798 -0.054678473612631784 -0.054678473612631777
leaf_weight=68.696728020906448 6.0246561020612699 4.4598103612661353 96.472739920020103 9.1543475836515444 7.6677441298961622 6.4941098242998123 2.8949646204710007
leaf_count=878 77 57 1233 117 98 83 37
internal_value=0 0.0426115 0.0546785 -0.0546785 -0.0546785 -0.0546785 -0.0546785
internal_weight=201.865 113.451 100.933 88.4138 19.7171 12.5188 10.5627
internal_count=2580 1450 1290 1130 252 160 135
is_linear=0
shrinkage=0.05


Tree=36
num_leaves=6
num_cat=0
split_feature=15 2 0 1 11
split_gain=178.122 50.4417 1.42109e-14 1.42109e-14 1.77636e-15
threshold=4.4999999624256475 14.66022381203962 23649091.304707762 10250000.000000002 -0.42349206815640716
decision_type=2 2 2 2 2
left_child=3 4 -3 -1 -2
right_child=1 2 -4 -5 -6
leaf_value=-0.054429527191402718 -0.054429527191402718 0.054429527191402718 0.054429527191402718 -0.054429527191402718 -0.054429527191402718
leaf_weight=77.299934476613998 9.2700114846229535 87.01849490404129 9.4195277988910657 7.1767830848693839 2.6912936568260184
leaf_count=1034 124 1164 126 96 36
internal_value=0 0.0424175 0.0544295 -0.0544295 -0.0544295
internal_weight=192.876 108.399 96.438 84.4767 11.9613
internal_count=2580 1450 1290 1130 160
is_linear=0
shrinkage=0.05


Tree=37
num_leaves=6
num_cat=0
split_feature=15 2 0 2 11
split_gain=168.686 47.7695 1.42109e-14 1.42109e-14 1.77636e-15
threshold=4.4999999624256475 14.66022381203962 23885868.135745354 12.52038064190125 -0.42349206815640716
decision_type=2 2 2 2 2
left_child=3 4 -3 -1 -2
right_child=1 2 -4 -5 -6
leaf_value=-0.054194879763692319 -0.054194879763692319 0.054194879763692319 0.054194879763692319 -0.054194879763692319 -0.054194879763692319
leaf_weight=47.417744159698486 8.855120897293089 87.408612728118896 4.7132095098495475 33.278115630149841 2.5708415508270255
leaf_count=664 124 1224 66 466 36
internal_value=0 0.0422346 0.0541949 -0.0541949 -0.0541949
internal_weight=184.244 103.548 92.1218 80.6959 11.426
internal_count=2580 1450 1290 1130 160
is_linear=0
shrinkage=0.05


Tree=38
num_leaves=8
num_cat=0
split_feature=15 2 0 0 0 3 3
split_gain=159.788 45.2496 1.42109e-14 1.42109e-14 1.42109e-14 1.77636e-15 1.77636e-15
threshold=4.4999999624256475 14.66022381203962 550000.00000000012 31659578.571572702 14452483.033856397 459613.50000000006 303071.00000000006
decision_type=2 2 2 2 2 2 2
left_child=2 5 -1 4 -3 6 -2
right_child=1 3 -4 -5 -6 -7 -8
leaf_value=-0.053973585970898123 -0.05397358597089813 0.053973585970898123 -0.053973585970898123 0.053973585970898123 0.053973585970898123 -0.053973585970898103 -0.053973585970898103
leaf_weight=67.859911471605301 5.7970778644084913 61.039819866418839 9.2071236670017225 1.9096256494522084 25.029736191034317 3.0690412223339081 2.0460274815559387
leaf_count=995 85 895 135 28 367 45 30
internal_value=0 0.0420622 -0.0539736 0.0539736 0.0539736 -0.0539736 -0.0539736
internal_weight=175.958 98.8913 77.067 87.9792 86.0696 10.9121 7.84311
internal_count=2580 1450 1130 1290 1262 160 115
is_linear=0
shrinkage=0.05


Tree=39
num_leaves=7
num_cat=0
split_feature=15 2 0 2 0 0
split_gain=151.392 42.872 2.84217e-14 1.42109e-14 3.55271e-15 1.77636e-15
threshold=4.4999999624256475 14.66022381203962 17729496.690436345 10.767119137469029 19221091.114396121 1750000.0000000002
decision_type=2 2 2 2 2 2
left_child=3 5 -3 -1 -4 -2
right_child=1 2 4 -5 -6 -7
leaf_value=-0.053764804277201178 -0.053764804277201178 0.053764804277201178 0.05376480427720115 -0.053764804277201178 0.053764804277201178 -0.05376480427720115
leaf_weight=12.307731471955774 7.944673225283621 62.580581717193127 11.917009837925436 61.27817627042532 9.5075597614049894 2.4745703488588333
leaf_count=189 122 961 183 941 146 38
internal_value=0 0.0418995 0.0537648 -0.0537648 0.0537648 -0.0537648
internal_weight=168.01 94.4244 84.0052 73.5859 21.4246 10.4192
internal_count=2580 1450 1290 1130 329 160
is_linear=0
shrinkage=0.05


Tree=40
num_leaves=8
num_cat=0
split_feature=15 2 0 3 8 3 0
split_gain=143.467 40.6279 1.42109e-14 1.42109e-14 3.55271e-15 1.77636e-15 8.88178e-16
threshold=4.4999999624256475 14.66022381203962 23947360.4195356 1431666.5000000002 5.9964014480595962 3127930.4686636887 31621570.366124626
decision_type=2 2 2 2 2 2 2
left_child=3 4 -3 -1 -2 -5 -4
right_child=1 2 6 5 -6 -7 -8
leaf_value=-0.053567737438829865 -0.053567737438829879 0.053567737438829865 0.053567737438829845 -0.053567737438829865 -0.05356773743882981 -0.053567737438829845 0.053567737438829845
leaf_weight=60.798779524862766 8.1438038013875449 76.589055597782135 1.5541610307991498 7.4599729478359205 1.8028267957270152 1.9893261194229124 2.0514925606548786
leaf_count=978 131 1232 25 120 29 32 33
internal_value=0 0.0417459 0.0535677 -0.0535677 -0.0535677 -0.0535677 0.0535677
internal_weight=160.389 90.1413 80.1947 70.2481 9.94663 9.4493 3.60565
internal_count=2580 1450 1290 1130 160 152 58
is_linear=0
shrinkage=0.05


Tree=41
num_leaves=6
num_cat=0
split_feature=15 2 0 0 11
split_gain=135.984 38.5088 1.42109e-14 1.42109e-14 1.77636e-15
threshold=4.4999999624256475 14.66022381203962 1250000.0000000002 19081720.713788133 -0.29336057114558017
decision_type=2 2 2 2 2
left_child=2 4 -1 -3 -2
right_child=1 3 -4 -5 -6
leaf_value=-0.053381652369393642 -0.053381652369393642 0.053381652369393642 -0.053381652369393642 0.053381652369393642 -0.053381652369393642
leaf_weight=65.091018982231617 8.0696249604225141 66.693076878786087 1.9580707624554623 9.8496892899274808 1.4240514636039723
leaf_count=1097 136 1124 33 166 24
internal_value=0 0.0416009 -0.0533817 0.0533817 -0.0533817
internal_weight=153.086 86.0364 67.0491 76.5428 9.49368
internal_count=2580 1450 1130 1290 160
is_linear=0
shrinkage=0.05


Tree=42
num_leaves=9
num_cat=0
split_feature=15 2 0 0 3 0 3 4
split_gain=128.916 36.507 1.42109e-14 1.42109e-14 1.42109e-14 1.77636e-15 8.88178e-16 8.88178e-16
threshold=4.4999999624256475 14.66022381203962 31588702.462338831 23909488.183130559 1642867.5000000002 1750000.0000000002 3392166.0000000005 0.020787475653041905
decision_type=2 2 2 2 2 2 2 2
left_child=4 5 3 -3 -1 -2 7 -6
right_child=1 2 -4 -5 6 -7 -8 -9
leaf_value=-0.053205865735001114 -0.053205865735001127 0.053205865735001114 0.053205865735001114 0.053205865735001114 -0.053205865735001114 -0.053205865735001093 -0.053205865735001079 -0.053205865735001107
leaf_weight=57.246271714568138 6.9080565273761732 69.533552587032318 2.0384429097175589 1.4722087681293476 1.5288321822881688 2.151689738035202 1.4155853539705274 3.7937687486410141
leaf_count=1011 122 1228 36 26 27 38 25 67
internal_value=0 0.0414639 0.0532059 0.0532059 -0.0532059 -0.0532059 -0.0532059 -0.0532059
internal_weight=146.088 82.104 73.0442 71.0058 63.9845 9.05975 6.73819 5.3226
internal_count=2580 1450 1290 1254 1130 160 119 94
is_linear=0
shrinkage=0.05


Tree=43
num_leaves=9
num_cat=0
split_feature=15 2 1 2 3 0 3 3
split_gain=122.236 34.6154 1.42109e-14 1.42109e-14 3.55271e-15 1.77636e-15 1.77636e-15 8.88178e-16
threshold=4.4999999624256475 14.66022381203962 -569752.46340666187 12.31764892117703 254177.50000000003 975000.00000000012 41828.596432641993 3302.0122278425465
decision_type=2 2 2 2 2 2 2 2
left_child=3 5 7 -1 6 -2 -5 -3
right_child=1 2 -4 4 -6 -7 -8 -9
leaf_value=-0.053039750885532699 -0.053039750885532713 0.053039750885532699 0.053039750885532699 -0.053039750885532588 -0.053039750885532699 -0.053039750885532692 -0.053039750885532699 0.053039750885532679
leaf_weight=34.792926460504532 4.1600238159298879 2.8633930161595336 65.101671405136585 1.2966307997703568 17.396463230252266 4.4841815158724785 7.5636796653270721 1.7288410663604734
leaf_count=644 77 53 1205 24 322 83 140 32
internal_value=0 0.0413344 0.0530398 -0.0530398 -0.0530398 -0.0530398 -0.0530398 0.0530398
internal_weight=139.388 78.3381 69.6939 61.0497 26.2568 8.64421 8.86031 4.59223
internal_count=2580 1450 1290 1130 486 160 164 85
is_linear=0
shrinkage=0.05


Tree=44
num_leaves=5
num_cat=0
split_feature=15 2 3 3
split_gain=115.921 32.8273 1.77636e-15 8.88178e-16
threshold=4.4999999624256475 14.66022381203962 612138.50000000012 97138.000000000015
decision_type=2 2 2 2
left_child=-1 2 3 -2
right_child=1 -3 -4 -5
leaf_value=-0.05288272326259999 -0.052882723262600011 0.05288272326259999 -0.052882723262599955 -0.052882723262599976
leaf_weight=58.240349851548672 1.7523645088076572 66.486771069467068 1.700824376195669 4.7932323329150677
leaf_count=1130 34 1290 33 93
internal_value=0 0.0412121 -0.0528827 -0.0528827
internal_weight=132.974 74.7332 8.24642 6.5456
internal_count=2580 1450 160 127
is_linear=0
shrinkage=0.05


Tree=45
num_leaves=7
num_cat=0
split_feature=15 2 0 0 3 3
split_gain=109.95 31.1364 1.42109e-14 7.10543e-15 4.44089e-16 4.44089e-16
threshold=4.4999999624256475 14.66022381203962 31485797.688957732 975000.00000000012 504689.50000000006 166067.50000000003
decision_type=2 2 2 2 2 2
left_child=3 -2 -3 -1 5 -5
right_child=1 2 -4 4 -6 -7
leaf_value=-0.052734241205743798 -0.052734241205743798 0.052734241205743798 0.052734241205743798 -0.05273424120574375 -0.05273424120574375 -0.05273424120574375
leaf_weight=52.503997921943665 7.8657674789428702 61.205503195524216 2.2122471034526816 0.98322093486785878 0.98322093486785878 1.0815430283546446
leaf_count=1068 160 1245 45 20 20 22
internal_value=0 0.0410963 0.0527342 -0.0527342 -0.0527342 -0.0527342
internal_weight=126.836 71.2835 63.4178 55.552 3.04798 2.06476
internal_count=2580 1450 1290 1130 62 42
is_linear=0
shrinkage=0.05


Tree=46
num_leaves=5
num_cat=0
split_feature=15 2 0 0
split_gain=104.302 29.537 1.42109e-14 7.10543e-15
threshold=4.4999999624256475 14.66022381203962 31659578.571572702 49776.201256460809
decision_type=2 2 2 2
left_child=3 -2 -3 -1
right_child=1 2 -4 -5
leaf_value=-0.052593785457076485 -0.052593785457076485 0.052593785457076485 0.052593785457076485 -0.052593785457076485
leaf_weight=17.863246947526932 7.5016260147094718 59.169075191020966 1.3127845525741566 35.116986781358719
leaf_count=381 160 1262 28 749
internal_value=0 0.0409869 0.0525938 -0.0525938
internal_weight=120.964 67.9835 60.4819 52.9802
internal_count=2580 1450 1290 1130
is_linear=0
shrinkage=0.05


Tree=47
num_leaves=5
num_cat=0
split_feature=15 2 11 3
split_gain=98.9585 28.0237 7.10543e-15 8.88178e-16
threshold=4.4999999624256475 14.66022381203962 -0.614399148648343 732677.50000000012
decision_type=2 2 2 2
left_child=-1 3 -3 -2
right_child=1 2 -4 -5
leaf_value=-0.052460898074231571 -0.052460898074231571 0.052460898074231571 0.052460898074231571 -0.052460898074231523
leaf_weight=50.520791970193386 5.9462525062263003 3.5319845713675013 54.142193872481585 1.2071339674293993
leaf_count=1130 133 79 1211 27
internal_value=0 0.0408833 0.0524609 -0.0524609
internal_weight=115.348 64.8276 57.6742 7.15339
internal_count=2580 1450 1290 160
is_linear=0
shrinkage=0.05


Tree=48
num_leaves=11
num_cat=0
split_feature=15 2 2 0 0 3 3 3 3 4
split_gain=93.9009 26.5914 1.42109e-14 7.10543e-15 7.10543e-15 1.77636e-15 1.77636e-15 8.88178e-16 4.44089e-16 4.44089e-16
threshold=4.4999999624256475 14.66022381203962 17.269006600100962 349966.20868443185 199800.17450528263 1291419.0000000002 981783.98797514068 882229.50000000012 493438.00000000006 1.4618187300117689
decision_type=2 2 2 2 2 2 2 2 2 2
left_child=3 7 -3 4 -1 6 -5 -2 9 -6
right_child=1 2 -4 5 8 -7 -8 -9 -10 -11
leaf_value=-0.052335123888615213 -0.052335123888615213 0.052335123888615213 0.052335123888615213 -0.052335123888615234 -0.052335123888615193 -0.052335123888615102 -0.052335123888615102 -0.052335123888615165 -0.052335123888615165 -0.052335123888615158
leaf_weight=34.443280667066574 5.8400116972625247 46.847977045923471 8.1419141180813295 9.0370983928441948 0.98043991997837954 0.852556452155114 0.852556452155114 0.98043991997838009 1.0230677425861356 0.9804399199783802
leaf_count=808 137 1099 191 212 23 20 20 23 24 23
internal_value=0 0.0407853 0.0523351 -0.0523351 -0.0523351 -0.0523351 -0.0523351 -0.0523351 -0.0523351 -0.0523351
internal_weight=109.98 61.8103 54.9899 48.1694 37.4272 10.7422 9.88965 6.82045 2.98395 1.96088
internal_count=2580 1450 1290 1130 878 252 232 160 70 46
is_linear=0
shrinkage=0.05


Tree=49
num_leaves=12
num_cat=0
split_feature=15 2 0 0 0 3 0 0 3 1 3
split_gain=89.113 25.2355 7.10543e-15 7.10543e-15 7.10543e-15 3.55271e-15 8.88178e-16 8.88178e-16 8.88178e-16 4.44089e-16 2.22045e-16
threshold=4.4999999624256475 14.66022381203962 40432.194163104861 23730309.499263491 118958.4385961107 261097.00000000003 444908.91328899178 31511322.763726432 732677.50000000012 -45094.989305687857 250067.50000000003
decision_type=2 2 2 2 2 2 2 2 2 2 2
left_child=2 6 5 -3 -4 -1 10 9 -8 -5 -2
right_child=1 3 4 7 -6 -7 8 -9 -10 -11 -12
leaf_value=-0.052216058775285117 -0.052216058775285124 0.052216058775285117 -0.052216058775285103 0.052216058775285061 -0.052216058775285117 -0.052216058775285117 -0.052216058775285103 0.052216058775285096 -0.052216058775285061 0.052216058775285103 -0.052216058775285047
leaf_weight=4.185813356190919 0.81277929246425518 47.79142239689827 15.767918273806574 0.81277929246425618 15.686640344560145 10.28165804967284 4.0638964623212814 1.706836514174938 0.81277929246425618 2.1132261604070659 0.81277929246425629
leaf_count=103 20 1176 388 20 386 253 100 42 20 52 20
internal_value=0 0.0406925 -0.0522161 0.0522161 -0.0522161 -0.0522161 -0.0522161 0.0522161 -0.0522161 0.0522161 -0.0522161
internal_weight=104.849 58.9265 45.922 52.4243 31.4546 14.4675 6.50223 4.63284 4.87668 2.92601 1.62556
internal_count=2580 1450 1130 1290 774 356 160 114 120 72 40
is_linear=0
shrinkage=0.05


Tree=50
num_leaves=6
num_cat=0
split_feature=15 2 0 3 3
split_gain=84.5792 23.9516 7.10543e-15 1.77636e-15 8.88178e-16
threshold=4.4999999624256475 14.66022381203962 31621570.366124626 442707.50000000006 196885.00000000003
decision_type=2 2 2 2 2
left_child=-1 3 -3 4 -2
right_child=1 2 -4 -5 -6
leaf_value=-0.052103311817691116 -0.052103311817691116 0.052103311817691116 0.052103311817691116 -0.052103311817691095 -0.052103311817691095
leaf_weight=43.774522207677364 2.3243109136819831 48.694313641637564 1.2783710025250901 1.9369257614016531 1.9369257614016531
leaf_count=1130 60 1257 33 50 50
internal_value=0 0.0406046 0.0521033 -0.0521033 -0.0521033
internal_weight=99.9454 56.1708 49.9727 6.19816 4.26124
internal_count=2580 1450 1290 160 110
is_linear=0
shrinkage=0.05


Tree=51
num_leaves=9
num_cat=0
split_feature=15 2 0 0 3 3 3 3
split_gain=80.2852 22.7356 7.10543e-15 7.10543e-15 3.55271e-15 3.55271e-15 8.88178e-16 4.44089e-16
threshold=4.4999999624256475 14.66022381203962 99422.086439152146 56713.903799289808 2363444.0000000005 913624.13323180575 173050.50000000003 84635.500000000015
decision_type=2 2 2 2 2 2 2 2
left_child=2 6 -1 -3 5 -4 7 -2
right_child=1 3 4 -5 -6 -7 -8 -9
leaf_value=-0.051996531885336109 -0.051996531885336109 0.051996531885336109 -0.051996531885336088 0.051996531885336109 -0.051996531885336109 -0.051996531885336109 -0.051996531885336095 -0.051996531885336053
leaf_weight=20.676868855953217 0.99692046269774326 7.0153662189841262 15.655343562364584 40.615278109908104 0.73845960199832816 4.6522954925894728 3.9138358905911446 0.99692046269774437
leaf_count=560 27 190 424 1100 20 126 106 27
internal_value=0 0.0405214 -0.0519965 0.0519965 -0.0519965 -0.0519965 -0.0519965 -0.0519965
internal_weight=95.2613 53.5383 41.723 47.6306 21.0461 20.3076 5.90768 1.99384
internal_count=2580 1450 1130 1290 570 550 160 54
is_linear=0
shrinkage=0.05


Tree=52
num_leaves=5
num_cat=0
split_feature=15 2 0 0
split_gain=76.2173 21.5837 7.10543e-15 7.10543e-15
threshold=4.4999999624256475 14.66022381203962 775000.00000000012 23747400.459630352
decision_type=2 2 2 2
left_child=2 -2 -1 -3
right_child=1 3 -4 -5
leaf_value=-0.051895364846259756 -0.051895364846259756 0.051895364846259756 -0.051895364846259756 0.051895364846259756
leaf_weight=35.963118933141232 5.6302338838577262 41.487785931676626 3.8004078716039649 3.9059747569262973
leaf_count=1022 160 1179 108 111
internal_value=0 0.0404426 -0.0518954 0.0518954
internal_weight=90.7875 51.024 39.7635 45.3938
internal_count=2580 1450 1130 1290
is_linear=0
shrinkage=0.05


Tree=53
num_leaves=7
num_cat=0
split_feature=15 2 4 0 3 3
split_gain=72.3629 20.4921 1.42109e-14 7.10543e-15 8.88178e-16 8.88178e-16
threshold=4.4999999624256475 14.66022381203962 0.020787475653041905 23885868.135745354 732677.50000000012 215173.78273777119
decision_type=2 2 2 2 2 2
left_child=2 4 -1 -3 5 -2
right_child=1 3 -4 -5 -6 -7
leaf_value=-0.051799513791443576 -0.051799513791443576 0.051799513791443576 -0.051799513791443576 0.051799513791443576 -0.05179951379144352 -0.051799513791443555
leaf_weight=2.2131880447268477 2.2131880447268477 41.044578284025192 35.679273933172226 2.2131880447268477 0.90539510920643795 2.2467211969196796
leaf_count=66 66 1224 1064 66 27 67
internal_value=0 0.0403679 -0.0517995 0.0517995 -0.0517995 -0.0517995
internal_weight=86.5155 48.6231 37.8925 43.2578 5.3653 4.45991
internal_count=2580 1450 1130 1290 160 133
is_linear=0
shrinkage=0.05


Tree=54
num_leaves=7
num_cat=0
split_feature=15 2 0 0 3 3
split_gain=68.71 19.4577 7.10543e-15 7.10543e-15 8.88178e-16 4.44089e-16
threshold=4.4999999624256475 14.66022381203962 40432.194163104861 19191451.719919518 303071.00000000006 582495.50000000012
decision_type=2 2 2 2 2 2
left_child=2 4 -1 -3 -2 -6
right_child=1 3 -4 -5 5 -7
leaf_value=-0.051708675220720382 -0.051708675220720382 0.051708675220720382 -0.051708675220720382 0.051708675220720382 -0.051708675220720313 -0.05170867522072034
leaf_weight=11.375034421682356 2.7159492298960677 36.425672024488449 24.731114163994789 4.7928515821695319 1.1502843797206881 1.2461414113640783
leaf_count=356 85 1140 774 150 36 39
internal_value=0 0.0402971 -0.0517087 0.0517087 -0.0517087 -0.0517087
internal_weight=82.437 46.3309 36.1061 41.2185 5.11238 2.39643
internal_count=2580 1450 1130 1290 160 75
is_linear=0
shrinkage=0.05


Tree=55
num_leaves=5
num_cat=0
split_feature=15 2 3 0
split_gain=65.2474 18.4771 7.10543e-15 8.88178e-16
threshold=4.4999999624256475 14.66022381203962 681.53921162394101 975000.00000000012
decision_type=2 2 2 2
left_child=2 3 -1 -2
right_child=1 -3 -4 -5
leaf_value=-0.051622570466936572 -0.051622570466936572 0.051622570466936572 -0.051622570466936572 -0.051622570466936551
leaf_weight=0.85241593420505424 2.344143819063901 39.272019825875759 33.548655696213245 2.5268043763935566
leaf_count=28 77 1290 1102 83
internal_value=0 0.04023 -0.0516226 -0.0516226
internal_weight=78.544 44.143 34.4011 4.87095
internal_count=2580 1450 1130 160
is_linear=0
shrinkage=0.05


Tree=56
num_leaves=7
num_cat=0
split_feature=15 2 0 1 3 11
split_gain=61.9646 17.5475 7.10543e-15 7.10543e-15 7.10543e-15 2.22045e-16
threshold=4.4999999624256475 14.66022381203962 31548787.689380009 -324952.3861774698 2363444.0000000005 -0.99216557857586662
decision_type=2 2 2 2 2 2
left_child=4 -2 3 -3 -1 -6
right_child=1 2 -4 -5 5 -7
leaf_value=-0.051540933774784248 -0.051540933774784248 0.051540933774784248 0.051540933774784248 0.051540933774784248 -0.051540933774784206 -0.051540933774784248
leaf_weight=31.14964397996664 4.6405428647994986 5.1336005441844454 1.1311323232948769 31.14964397996664 1.0441221445798872 0.58006785809993644
leaf_count=1074 160 177 39 1074 36 20
internal_value=0 0.0401664 0.0515409 0.0515409 -0.0515409 -0.0515409
internal_weight=74.8288 42.0549 37.4144 36.2832 32.7738 1.62419
internal_count=2580 1450 1290 1251 1130 56
is_linear=0
shrinkage=0.05


Tree=57
num_leaves=9
num_cat=0
split_feature=15 2 0 0 3 3 3 3
split_gain=58.8518 16.666 7.10543e-15 7.10543e-15 3.55271e-15 8.88178e-16 4.44089e-16 4.44089e-16
threshold=4.4999999624256475 14.66022381203962 550000.00000000012 31588702.462338831 15127.172173332596 622240.50000000012 83076.000000000015 286057.26333742449
decision_type=2 2 2 2 2 2 2 2
left_child=2 -2 4 -3 -1 6 -4 -8
right_child=1 3 5 -5 -6 -7 7 -9
leaf_value=-0.051463523090887156 -0.05146352309088742 0.05146352309088742 -0.051463523090887343 0.05146352309088742 -0.05146352309088742 -0.051463523090887392 -0.051463523090887378 -0.051463523090887364
leaf_weight=1.3538372069597304 4.4206929206848136 34.647180765867233 0.5525866150856017 0.99465590715408225 26.137346893548965 1.2709492146968839 0.99465590715408303 0.91176791489124298
leaf_count=49 160 1254 20 36 946 46 36 33
internal_value=0 0.0401061 -0.0514635 0.0514635 -0.0514635 -0.0514635 -0.0514635 -0.0514635
internal_weight=71.2837 40.0625 31.2211 35.6418 27.4912 3.72996 2.45901 1.90642
internal_count=2580 1450 1130 1290 995 135 89 69
is_linear=0
shrinkage=0.05


Tree=58
num_leaves=9
num_cat=0
split_feature=15 2 0 0 0 0 1 3
split_gain=55.8997 15.83 7.10543e-15 3.55271e-15 3.55271e-15 8.88178e-16 8.88178e-16 4.44089e-16
threshold=4.4999999624256475 14.66022381203962 -20166.116546771442 199800.17450528263 14778.408039626953 975000.00000000012 49755378.580671303 152196.50000000003
decision_type=2 2 2 2 2 2 2 2
left_child=3 5 6 4 -1 7 -3 -2
right_child=1 2 -4 -5 -6 -7 -8 -9
leaf_value=-0.051390110123428756 -0.051390110123428805 0.051390110123428812 0.051390110123428839 -0.051390110123428839 -0.051390110123428839 -0.051390110123428812 0.051390110123428805 -0.051390110123428805
leaf_weight=5.0531387329101625 0.68427920341491644 0.97378194332122747 31.529480218887329 8.4745347499847394 16.212153434753418 2.1844297647476196 1.447513699531555 1.34223997592926
leaf_count=192 26 37 1198 322 616 83 55 51
internal_value=0 0.0400488 0.0513901 -0.0513901 -0.0513901 -0.0513901 0.0513901 -0.0513901
internal_weight=67.9016 38.1617 33.9508 29.7398 21.2653 4.21095 2.4213 2.02652
internal_count=2580 1450 1290 1130 808 160 92 77
is_linear=0
shrinkage=0.05


Tree=59
num_leaves=8
num_cat=0
split_feature=15 2 3 2 3 0 11
split_gain=53.0995 15.037 7.10543e-15 3.55271e-15 1.77636e-15 8.88178e-16 8.88178e-16
threshold=4.4999999624256475 14.66022381203962 124061.00000000001 11.806826297392819 3392166.0000000005 975000.00000000012 -0.79731773281181162
decision_type=2 2 2 2 2 2 2
left_child=2 5 -1 4 -4 6 -2
right_child=1 -3 3 -5 -6 -7 -8
leaf_value=-0.051320478334989164 -0.051320478334989164 0.051320478334989199 -0.051320478334989185 -0.051320478334989199 -0.051320478334989053 -0.051320478334989178 -0.051320478334989199
leaf_weight=5.189070979133251 1.3787386659532783 32.337688710540533 11.430996939539909 11.080045279115437 0.62669939361512739 2.0806419868022203 0.55149546638131042
leaf_count=207 55 1290 456 442 25 83 22
internal_value=0 0.0399946 -0.0513205 -0.0513205 -0.0513205 -0.0513205 -0.0513205
internal_weight=64.6754 36.3486 28.3268 23.1377 12.0577 4.01088 1.93023
internal_count=2580 1450 1130 923 481 160 77
is_linear=0
shrinkage=0.05


Tree=60
num_leaves=7
num_cat=0
split_feature=15 2 2 4 0 11
split_gain=50.4432 14.2848 3.55271e-15 1.77636e-15 8.88178e-16 4.44089e-16
threshold=4.4999999624256475 14.66022381203962 12.062237442620257 4.1356301786318124 975000.00000000012 -0.29336057114558017
decision_type=2 2 2 2 2 2
left_child=2 4 3 -1 -2 -6
right_child=1 -3 -4 -5 5 -7
leaf_value=-0.051254417329153895 -0.051254417329153881 0.051254417329153895 -0.051254417329153895 -0.051254417329153805 -0.05125441732915386 -0.051254417329153812
leaf_weight=13.72832846827805 1.8384022470563643 30.799206476658583 12.271931882947682 0.97888950817287046 1.4086458776146171 0.57300849258899678
leaf_count=575 77 1290 514 41 59 24
internal_value=0 0.0399431 -0.0512544 -0.0512544 -0.0512544 -0.0512544
internal_weight=61.5984 34.6193 26.9791 14.7072 3.82006 1.98165
internal_count=2580 1450 1130 616 160 83
is_linear=0
shrinkage=0.05


Tree=61
num_leaves=10
num_cat=0
split_feature=15 2 0 0 3 0 3 9 17
split_gain=47.9229 13.5711 3.55271e-15 3.55271e-15 3.55271e-15 1.77636e-15 4.44089e-16 4.44089e-16 4.44089e-16
threshold=4.4999999624256475 14.66022381203962 19103490.030028354 11649182.304965207 438204.50000000006 18011482.169645373 913624.13323180575 -0.005027711643461546 -1.1097951993045432e-08
decision_type=2 2 2 2 2 2 2 2 2
left_child=4 6 3 -3 -1 -5 -2 -4 -9
right_child=1 2 7 5 -6 -7 -8 8 -10
leaf_value=-0.051191740841657098 -0.051191740841657112 0.051191740841657098 0.05119174084165698 0.051191740841657118 -0.051191740841657118 0.051191740841657098 -0.051191740841657021 0.051191740841657001 0.051191740841657118
leaf_weight=12.346757467836143 3.160588007420301 16.735199809074409 0.47749890759587321 6.9351031817495805 13.347231369465588 1.9782097600400446 0.47749890759587277 0.79583151265978891 2.4102325811982142
leaf_count=543 139 736 21 305 587 87 21 35 106
internal_value=0 0.0398943 0.0511917 0.0511917 -0.0511917 0.0511917 -0.0511917 0.0511917 0.0511917
internal_weight=58.6642 32.9702 29.3321 25.6485 25.694 8.91331 3.63809 3.68356 3.20606
internal_count=2580 1450 1290 1128 1130 392 160 162 141
is_linear=0
shrinkage=0.05


Tree=62
num_leaves=11
num_cat=0
split_feature=15 2 0 0 0 3 3 3 11 14
split_gain=45.5314 12.8938 7.10543e-15 3.55271e-15 3.55271e-15 8.88178e-16 8.88178e-16 4.44089e-16 4.44089e-16 4.44089e-16
threshold=4.4999999624256475 14.66022381203962 2224575.0459220032 775000.00000000012 3838884.0953683932 250067.50000000003 2363444.0000000005 220523.00000000003 -0.47914866944155998 2.9999999906220984
decision_type=2 2 2 2 2 2 2 2 2 2
left_child=3 7 5 -1 9 -3 -7 -2 -9 -4
right_child=1 2 4 -5 -6 6 -8 8 -10 -11
leaf_value=-0.051132273285347335 -0.051132273285347196 0.051132273285347155 0.051132273285347023 -0.051132273285347342 0.051132273285347342 0.051132273285347335 0.051132273285347252 -0.051132273285347307 -0.051132273285347231 0.051132273285347321
leaf_weight=22.129996370524172 1.4940995592623978 0.97441275604069488 0.64960850402713122 2.3385906144976607 19.748098522424698 4.0492263417690992 0.54134042002260674 1.5374067928642032 0.43307233601808537 1.9704791288822887
leaf_count=1022 69 45 30 108 912 187 25 71 20 91
internal_value=0 0.0398479 0.0511323 -0.0511323 0.0511323 0.0511323 0.0511323 -0.0511323 -0.0511323 0.0511323
internal_weight=55.8663 31.3977 27.9332 24.4686 22.3682 5.56498 4.59057 3.46458 1.97048 2.62009
internal_count=2580 1450 1290 1130 1033 257 212 160 91 121
is_linear=0
shrinkage=0.05


Tree=63
num_leaves=9
num_cat=0
split_feature=15 2 0 2 3 0 3 11
split_gain=43.2618 12.2511 3.55271e-15 3.55271e-15 1.77636e-15 4.44089e-16 4.44089e-16 2.22045e-16
threshold=4.4999999624256475 14.66022381203962 23589736.130049922 11.369096095341563 1349637.4009034054 31639166.968322512 442707.50000000006 -0.99540814913326103
decision_type=2 2 2 2 2 2 2 2
left_child=3 6 -3 4 -1 -4 -2 -6
right_child=1 2 5 -5 7 -7 -8 -9
leaf_value=-0.051075830922117406 -0.051075830922117343 0.051075830922117427 0.051075830922117427 -0.051075830922117441 -0.051075830922117399 0.051075830922117364 -0.051075830922117399 -0.05107583092211735
leaf_weight=5.9797258861362961 2.2681718878448041 23.918903544545177 2.0619744434952731 15.712245259433983 1.0309872217476366 0.61859233304858197 1.0309872217476366 0.57735284417867649
leaf_count=290 110 1160 100 762 50 30 50 28
internal_value=0 0.0398039 0.0510758 -0.0510758 -0.0510758 0.0510758 -0.0510758 -0.0510758
internal_weight=53.1989 29.8986 26.5995 23.3003 7.58807 2.68057 3.29916 1.60834
internal_count=2580 1450 1290 1130 368 130 160 78
is_linear=0
shrinkage=0.05


Tree=64
num_leaves=6
num_cat=0
split_feature=15 2 0 9 11
split_gain=41.1076 11.6411 7.10543e-15 4.44089e-16 2.22045e-16
threshold=4.4999999624256475 14.66022381203962 14217168.702310279 0.99979319486339724 -0.69618716100885158
decision_type=2 2 2 2 2
left_child=-1 3 -3 -2 -5
right_child=1 2 -4 4 -6
leaf_value=-0.05102226340313714 -0.05102226340313705 0.051022263403137126 0.05102226340313714 -0.05102226340313705 -0.051022263403136994
leaf_weight=22.186625245958567 2.1204916164279011 16.394541664049033 8.9335526432841998 0.56939126737415791 0.45158617757260822
leaf_count=1130 108 835 455 29 23
internal_value=0 0.0397622 0.0510223 -0.0510223 -0.0510223
internal_weight=50.6562 28.4696 25.3281 3.14147 1.02098
internal_count=2580 1450 1290 160 52
is_linear=0
shrinkage=0.05


Tree=65
num_leaves=9
num_cat=0
split_feature=15 2 0 1 1 3 3 3
split_gain=39.0628 11.062 3.55271e-15 3.55271e-15 3.55271e-15 8.88178e-16 4.44089e-16 4.44089e-16
threshold=4.4999999624256475 14.66022381203962 349966.20868443185 410389.76065338677 365574.4662384314 56971.500000000007 83076.000000000015 868323.00000000012
decision_type=2 2 2 2 2 2 2 2
left_child=2 6 -1 4 -3 -4 -2 -8
right_child=1 3 5 -5 -6 -7 7 -9
leaf_value=-0.050971411861292774 -0.050971411861292365 0.050971411861292761 -0.050971411861292781 0.050971411861292781 0.050971411861292587 -0.050971411861292774 -0.050971411861292754 -0.050971411861292684
leaf_weight=16.414010971784595 0.4860641062259704 15.572746172547344 0.42997978627681632 8.0948368459939939 0.44867455959320146 4.2811030894517899 2.0564250648021702 0.44867455959320057
leaf_count=878 26 833 23 433 24 229 110 24
internal_value=0 0.0397225 -0.0509714 0.0509714 0.0509714 -0.0509714 -0.0509714 -0.0509714
internal_weight=48.2325 27.1074 21.1251 24.1163 16.0214 4.71108 2.99116 2.5051
internal_count=2580 1450 1130 1290 857 252 160 134
is_linear=0
shrinkage=0.05


Tree=66
num_leaves=4
num_cat=0
split_feature=15 2 0
split_gain=37.1216 10.5123 3.55271e-15
threshold=4.4999999624256475 14.66022381203962 31639166.968322512
decision_type=2 2 2
left_child=-1 -2 -3
right_child=1 2 -4
leaf_value=-0.050923141852030875 -0.050923141852030812 0.050923141852030868 0.050923141852030875
leaf_weight=20.113378595560789 2.8479120135307339 22.427307106554512 0.5339835025370111
leaf_count=1130 160 1260 30
internal_value=0 0.0396849 0.0509231
internal_weight=45.9226 25.8092 22.9613
internal_count=2580 1450 1290
is_linear=0
shrinkage=0.05


Tree=67
num_leaves=14
num_cat=0
split_feature=15 2 0 0 8 3 3 3 0 3 3 11 11
split_gain=35.2786 9.9904 3.55271e-15 3.55271e-15 3.55271e-15 1.77636e-15 1.77636e-15 8.88178e-16 4.44089e-16 4.44089e-16 4.44089e-16 2.22045e-16 2.22045e-16
threshold=4.4999999624256475 14.66022381203962 775000.00000000012 292675.33058332081 2.1771787810297689 2882291.0000000005 687821.50000000012 1328281.9120677433 975000.00000000012 804973.50000000012 286057.26333742449 -0.35650011328823711 -0.46913003943600357
decision_type=2 2 2 2 2 2 2 2 2 2 2 2 2
left_child=2 8 3 5 -3 6 -1 -8 -2 10 -5 12 -4
right_child=1 4 11 9 -6 -7 7 -9 -10 -11 -12 -13 -14
leaf_value=-0.050877308778902279 -0.050877308778902147 0.050877308778902265 -0.050877308778902258 -0.050877308778902258 0.0508773087789023 -0.050877308778902168 -0.050877308778902265 -0.050877308778902279 -0.050877308778902265 -0.050877308778902224 -0.050877308778902258 -0.0508773087789023 -0.050877308778902168
leaf_weight=8.7781462185084838 1.304859573021534 5.558362856507304 1.1184510625898836 1.1692897472530601 16.302271548658609 0.6778491288423546 3.0503210797905931 1.9996549300849435 1.406536942347884 0.59311798773705948 1.0506661497056482 0.3728170208632936 0.3389245644211768
leaf_count=518 77 328 66 69 962 40 180 118 83 35 62 22 20
internal_value=0 0.0396492 -0.0508773 -0.0508773 0.0508773 -0.0508773 -0.0508773 -0.0508773 -0.0508773 -0.0508773 -0.0508773 -0.0508773 -0.0508773
internal_weight=43.7213 24.572 19.1492 17.319 21.8606 14.506 13.8281 5.04998 2.7114 2.81307 2.21996 1.83019 1.45738
internal_count=2580 1450 1130 1022 1290 856 816 298 160 166 131 108 86
is_linear=0
shrinkage=0.05


Tree=68
num_leaves=6
num_cat=0
split_feature=15 2 0 3 3
split_gain=33.5286 9.49483 3.55271e-15 3.55271e-15 4.44089e-16
threshold=4.4999999624256475 14.66022381203962 31588702.462338831 473405.50000000006 913624.13323180575
decision_type=2 2 2 2 2
left_child=3 4 -3 -1 -2
right_child=1 2 -4 -5 -6
leaf_value=-0.050833786683242788 -0.050833786683242711 0.050833786683242788 0.050833786683242801 -0.050833786683242801 -0.05083378668324267
leaf_weight=9.2120595425367373 2.2425153702497513 20.231037944555286 0.58079534769058128 9.0184610933065397 0.33879728615283955
leaf_count=571 139 1254 36 559 21
internal_value=0 0.0396153 0.0508338 -0.0508338 -0.0508338
internal_weight=41.6237 23.3931 20.8118 18.2305 2.58131
internal_count=2580 1450 1290 1130 160
is_linear=0
shrinkage=0.05


Tree=69
num_leaves=10
num_cat=0
split_feature=15 2 0 0 3 0 3 3 4
split_gain=31.8668 9.02423 3.55271e-15 3.55271e-15 3.55271e-15 4.44089e-16 2.22045e-16 1.11022e-16 1.11022e-16
threshold=4.4999999624256475 14.66022381203962 31639166.968322512 17953969.10810801 2882291.0000000005 975000.00000000012 599886.00000000012 244869.49004117397 0.015974723499483142
decision_type=2 2 2 2 2 2 2 2 2
left_child=4 5 3 -3 -1 -2 7 -7 -6
right_child=1 2 -4 -5 8 6 -8 -9 -10
leaf_value=-0.050792463044950976 -0.050792463044950824 0.05079246304495097 0.05079246304495099 0.05079246304495099 -0.05079246304495099 -0.050792463044950921 -0.050792463044950831 -0.050792463044950859 -0.050792463044950831
leaf_weight=16.740817986428741 1.1826082430779963 15.8653807155788 0.46075645834207435 3.4863905347883692 0.30717097222804923 0.58362484723329522 0.32252952083945274 0.36860516667366028 0.30717097222805023
leaf_count=1090 77 1033 30 227 20 38 21 24 20
internal_value=0 0.0395831 0.0507925 0.0507925 -0.0507925 -0.0507925 -0.0507925 -0.0507925 -0.0507925
internal_weight=39.6251 22.2699 19.8125 19.3518 17.3552 2.45737 1.27476 0.95223 0.614342
internal_count=2580 1450 1290 1260 1130 160 83 62 40
is_linear=0
shrinkage=0.05


Tree=70
num_leaves=5
num_cat=0
split_feature=15 2 0 3
split_gain=30.2887 8.57732 3.55271e-15 4.44089e-16
threshold=4.4999999624256475 14.66022381203962 61944.24368745504 868323.00000000012
decision_type=2 2 2 2
left_child=-1 3 -3 -2
right_child=1 2 -4 -5
leaf_value=-0.050753217201545686 -0.050753217201545589 0.050753217201545624 0.050753217201545686 -0.050753217201545554
leaf_weight=16.521182535216212 1.9883901104331045 2.8363800104707506 16.024085007607937 0.35089237242937077
leaf_count=1130 136 194 1096 24
internal_value=0 0.0395525 0.0507532 -0.0507532
internal_weight=37.7209 21.1997 18.8605 2.33928
internal_count=2580 1450 1290 160
is_linear=0
shrinkage=0.05


Tree=71
num_leaves=10
num_cat=0
split_feature=15 2 0 0 0 0 3 4 3
split_gain=28.7898 8.15285 3.55271e-15 3.55271e-15 1.77636e-15 1.77636e-15 2.22045e-16 2.22045e-16 1.11022e-16
threshold=4.4999999624256475 14.66022381203962 975000.00000000012 24142008.23320223 550000.00000000012 444908.91328899178 271649.00000000006 2.4775650796329436 184116.00000000003
decision_type=2 2 2 2 2 2 2 2 2
left_child=2 -2 4 -3 5 -1 -6 -7 -4
right_child=1 3 8 -5 6 7 -8 -9 -10
leaf_value=-0.050715942644822515 -0.050715942644822411 0.050715942644822487 -0.050715942644822209 0.050715942644822487 -0.050715942644822223 -0.050715942644822355 -0.050715942644822425 -0.050715942644822348 -0.050715942644822404
leaf_weight=12.859703879803412 2.2267885506153133 17.243693838827316 0.32010085415095169 0.70978885050862928 0.30618342570960588 0.65411913674324829 0.70978885050863028 0.3340182825922966 0.54277970921248198
leaf_count=924 160 1239 23 51 22 47 51 24 39
internal_value=0 0.0395235 -0.0507159 0.0507159 -0.0507159 -0.0507159 -0.0507159 -0.0507159 -0.0507159
internal_weight=35.907 20.1803 15.7267 17.9535 14.8638 13.8478 1.01597 0.988137 0.862881
internal_count=2580 1450 1130 1290 1068 995 73 71 62
is_linear=0
shrinkage=0.05


Tree=72
num_leaves=9
num_cat=0
split_feature=15 2 13 1 2 3 3 4
split_gain=27.3661 7.74968 3.55271e-15 1.77636e-15 1.77636e-15 4.44089e-16 2.22045e-16 2.22045e-16
threshold=4.4999999624256475 14.66022381203962 -3.1284314282583199e-08 17940506.203670535 13.534452458535657 266313.00000000006 582495.50000000012 7.5297894273024335
decision_type=2 2 2 2 2 2 2 2
left_child=3 5 -3 4 -1 7 -7 -2
right_child=1 2 -4 -5 -6 6 -8 -9
leaf_value=-0.05068053982575247 -0.050680539825752081 0.050680539825752241 0.050680539825752449 -0.050680539825752303 -0.050680539825752428 -0.05068053982575238 -0.050680539825752352 -0.050680539825752352
leaf_weight=10.995575878769154 0.54315495304763606 0.83460395224392669 16.254905546084046 0.63588872551918108 3.3384158089756975 0.56965031661093213 0.51665958948433399 0.49016422592103481
leaf_count=830 41 63 1227 48 252 43 39 37
internal_value=0 0.0394959 0.0506805 -0.0506805 -0.0506805 -0.0506805 -0.0506805 -0.0506805
internal_weight=34.179 19.2091 17.0895 14.9699 14.334 2.11963 1.08631 1.03332
internal_count=2580 1450 1290 1130 1082 160 82 78
is_linear=0
shrinkage=0.05


Tree=73
num_leaves=13
num_cat=0
split_feature=15 2 0 0 0 4 5 16 5 2 3 7
split_gain=26.0137 7.36671 3.55271e-15 1.77636e-15 1.77636e-15 1.77636e-15 1.77636e-15 1.77636e-15 8.88178e-16 1.11022e-16 1.11022e-16 1.11022e-16
threshold=4.4999999624256475 14.66022381203962 23909488.183130559 1250000.0000000002 23730309.499263491 143.75983695602318 2.0026480849196386 2.353238842958474e-08 1.9947937481879656 17.262907098124501 190.00000000000003 10.985835291260246
decision_type=2 2 2 2 2 2 2 2 2 2 2 2
left_child=3 -2 4 5 6 -1 8 -8 -3 -4 -11 -7
right_child=1 2 9 -5 -6 11 7 -9 -10 10 -12 -13
leaf_value=-0.050646909470858363 -0.050646909470858259 0.050646909470858349 0.050646909470858016 -0.050646909470858141 0.050646909470858217 -0.050646909470858016 0.050646909470858363 0.050646909470858259 0.050646909470858308 0.050646909470858162 0.050646909470858148 -0.050646909470858176
leaf_weight=13.278057957999403 2.0175586640834835 3.8964101700112215 0.26480457466095764 0.4161214744672187 0.65570656582713205 0.26480457466095764 8.8898678636178339 0.99616959039121944 1.0466085569933055 0.26480457466095686 0.2521948330104351 0.29002405796200037
leaf_count=1053 160 309 21 33 52 21 705 79 83 21 20 23
internal_value=0 0.0394697 0.0506469 -0.0506469 0.0506469 -0.0506469 0.0506469 0.0506469 0.0506469 0.0506469 0.0506469 -0.0506469
internal_weight=32.5331 18.2841 16.2666 14.249 15.4848 13.8329 14.8291 9.88604 4.94302 0.781804 0.516999 0.554829
internal_count=2580 1450 1290 1130 1228 1097 1176 784 392 62 41 44
is_linear=0
shrinkage=0.05


Tree=74
num_leaves=14
num_cat=0
split_feature=15 2 0 0 0 0 1 3 11 0 3 3 3
split_gain=24.729 7.0029 1.77636e-15 1.77636e-15 1.77636e-15 1.77636e-15 1.77636e-15 1.77636e-15 4.44089e-16 2.22045e-16 2.22045e-16 1.11022e-16 1.11022e-16
threshold=4.4999999624256475 14.66022381203962 31621570.366124626 23695881.314592857 19221091.114396121 19039274.333936561 17940506.203670535 1758712.9559817815 -0.4845592122684334 23860838.772683751 366007.31728122535 102.77385396734267 732677.50000000012
decision_type=2 2 2 2 2 2 2 2 2 2 2 2 2
left_child=6 8 3 4 5 -3 7 -1 10 11 -2 -5 -8
right_child=1 2 -4 9 -6 -7 12 -9 -10 -11 -12 -13 -14
leaf_value=-0.05061495917226997 -0.050614959172269929 0.050614959172269991 0.050614959172269741 0.050614959172269693 0.050614959172269658 0.050614959172269658 -0.050614959172269706 -0.050614959172269894 -0.050614959172269616 0.050614959172269859 -0.05061495917226988 0.050614959172269818 -0.050614959172269762
leaf_weight=11.798101152293382 0.84014962427318074 13.442393988370887 0.39607053715735752 0.30005343724042244 0.28805129975080568 0.28805129975080568 0.33605984970927316 1.1882116114720709 0.516091912053528 0.44407908711582422 0.56410046201199293 0.32405771221965551 0.24004274979233742
leaf_count=983 70 1120 33 25 24 24 28 99 43 37 47 27 20
internal_value=0 0.0394448 0.050615 0.050615 0.050615 0.050615 -0.050615 -0.050615 -0.050615 0.050615 -0.050615 0.050615 -0.050615
internal_weight=30.9655 17.4031 15.4828 15.0867 14.0185 13.7304 13.5624 12.9863 1.92034 1.06819 1.40425 0.624111 0.576103
internal_count=2580 1450 1290 1257 1168 1144 1130 1082 160 89 117 52 48
is_linear=0
shrinkage=0.05


Tree=75
num_leaves=14
num_cat=0
split_feature=15 2 0 0 0 0 0 0 0 0 3 3 3
split_gain=23.5085 6.65727 3.55271e-15 3.55271e-15 1.77636e-15 1.77636e-15 2.22045e-16 2.22045e-16 1.11022e-16 1.11022e-16 1.11022e-16 1.11022e-16 1.11022e-16
threshold=4.4999999624256475 14.66022381203962 975000.00000000012 31349607.338254195 550000.00000000012 19103490.030028354 975000.00000000012 23818835.074135479 1250000.0000000002 23747400.459630352 695280.00000000012 442707.50000000006 184116.00000000003
decision_type=2 2 2 2 2 2 2 2 2 2 2 2 2
left_child=2 6 4 5 -1 -3 -2 9 -4 -7 -6 12 -8
right_child=1 3 8 -5 10 7 11 -9 -10 -11 -12 -13 -14
leaf_value=-0.050584606807958135 -0.050584606807957934 0.050584606807958149 -0.050584606807957858 0.050584606807957969 -0.050584606807957955 0.050584606807957982 -0.050584606807957969 0.050584606807957982 -0.050584606807957989 0.050584606807957989 -0.050584606807957969 -0.050584606807957969 -0.050584606807957982
leaf_weight=11.366346613503991 0.87960672285408026 12.885667316615576 0.33128045406192619 0.54832626879215318 0.5254793409258135 0.5825966605916626 0.30843352619558573 0.34270391799509525 0.37697430979460478 0.37697430979460478 0.30843352619558573 0.30843352619558573 0.33128045406192541
leaf_count=995 77 1128 29 48 46 51 27 30 33 33 27 27 29
internal_value=0 0.0394211 -0.0505846 0.0505846 -0.0505846 0.0505846 -0.0505846 0.0505846 -0.0505846 0.0505846 -0.0505846 -0.0505846 -0.0505846
internal_weight=29.4725 16.564 12.9085 14.7363 12.2003 14.1879 1.82775 1.30227 0.708255 0.959571 0.833913 0.948148 0.639714
internal_count=2580 1450 1130 1290 1068 1242 160 114 62 84 73 83 56
is_linear=0
shrinkage=0.05


Tree=76
num_leaves=11
num_cat=0
split_feature=15 2 0 0 3 3 3 3 3 3
split_gain=22.3489 6.32889 1.77636e-15 1.77636e-15 1.77636e-15 2.22045e-16 1.11022e-16 1.11022e-16 1.11022e-16 5.55112e-17
threshold=4.4999999624256475 14.66022381203962 31659578.571572702 18944534.429863859 17558.574955535976 335791.03660398576 208772.00000000003 116303.00000000001 940075.50000000012 75301.000000000015
decision_type=2 2 2 2 2 2 2 2 2 2
left_child=4 5 3 -3 -1 6 7 9 -7 -2
right_child=1 2 -4 -5 -6 8 -8 -9 -10 -11
leaf_value=-0.050555767515272368 -0.050555767515272687 0.05055576751527268 0.050555767515272368 0.050555767515272625 -0.050555767515272666 -0.050555767515272576 -0.050555767515272493 -0.050555767515272437 -0.050555767515272437 -0.050555767515272444
leaf_weight=0.60885311663151043 0.23919229581951984 11.666060609742994 0.30442655831575471 2.05487926863134 11.676932986825703 0.55449123121798038 0.28268180415034294 0.21744754165410995 0.21744754165410995 0.22831991873681545
leaf_count=56 22 1073 28 189 1074 51 26 20 20 21
internal_value=0 0.0393986 0.0505558 0.0505558 -0.0505558 -0.0505558 -0.0505558 -0.0505558 -0.0505558 -0.0505558
internal_weight=28.0507 15.7649 14.0254 13.7209 12.2858 1.73958 0.967642 0.68496 0.771939 0.467512
internal_count=2580 1450 1290 1262 1130 160 89 63 71 43
is_linear=0
shrinkage=0.05


Tree=77
num_leaves=11
num_cat=0
split_feature=15 2 0 0 0 1 1 3 3 3
split_gain=21.2471 6.01688 1.77636e-15 1.77636e-15 1.77636e-15 1.77636e-15 1.77636e-15 2.22045e-16 1.11022e-16 1.11022e-16
threshold=4.4999999624256475 14.66022381203962 1250000.0000000002 31639166.968322512 23818835.074135479 99391109.790038034 50788069.560334474 244869.49004117397 940075.50000000012 432284.00000000006
decision_type=2 2 2 2 2 2 2 2 2 2
left_child=2 7 -1 4 5 6 -3 -2 9 -9
right_child=1 3 -4 -5 -6 -7 -8 8 -10 -11
leaf_value=-0.050528376355603602 -0.050528376355603616 0.050528376355603637 -0.050528376355603345 0.050528376355603324 0.050528376355603422 0.050528376355603456 0.050528376355603449 -0.05052837635560347 -0.050528376355603366 -0.050528376355603449
leaf_weight=11.351307087577879 0.76572171784937271 11.41339263226836 0.34147049579769451 0.31042772345244962 0.49668435752391893 0.58981267455965358 0.53807472065091211 0.36216567736119032 0.2069518156349659 0.32077531423419714
leaf_count=1097 74 1103 33 30 48 57 52 35 20 31
internal_value=0 0.0393773 -0.0505284 0.0505284 0.0505284 0.0505284 0.0505284 -0.0505284 -0.0505284 -0.0505284
internal_weight=26.6968 15.004 11.6928 13.3484 13.038 12.5413 11.9515 1.65561 0.889893 0.682941
internal_count=2580 1450 1130 1290 1260 1212 1155 160 86 66
is_linear=0
shrinkage=0.05


Tree=78
num_leaves=9
num_cat=0
split_feature=15 2 0 4 3 3 0 3
split_gain=20.2002 5.72041 3.55271e-15 3.55271e-15 1.77636e-15 2.22045e-16 1.11022e-16 1.11022e-16
threshold=4.4999999624256475 14.66022381203962 24002816.629152801 143.75983695602318 1913119.1120953767 244869.49004117397 31621570.366124626 940075.50000000012
decision_type=2 2 2 2 2 2 2 2
left_child=3 5 -3 4 -1 -2 -4 -7
right_child=1 2 6 -5 -6 7 -8 -9
leaf_value=-0.050502336846326115 -0.050502336846326129 0.050502336846326129 0.050502336846325685 -0.050502336846325914 -0.050502336846326018 -0.050502336846326039 0.050502336846325963 -0.050502336846325858
leaf_weight=9.7494006156921369 0.72874307632446178 12.171978950500485 0.2068054676055916 0.44315457344055253 0.93554854393005449 0.64996004104614258 0.32498002052307129 0.19695758819580078
leaf_count=990 74 1236 21 45 95 66 33 20
internal_value=0 0.039357 0.0505023 -0.0505023 -0.0505023 -0.0505023 0.0505023 -0.0505023
internal_weight=25.4075 14.2794 12.7038 11.1281 10.6849 1.57566 0.531785 0.846918
internal_count=2580 1450 1290 1130 1085 160 54 86
is_linear=0
shrinkage=0.05


Tree=79
num_leaves=12
num_cat=0
split_feature=15 2 1 0 0 0 1 4 3 3 3
split_gain=19.2054 5.43869 3.55271e-15 1.77636e-15 1.77636e-15 1.77636e-15 1.77636e-15 1.77636e-15 2.22045e-16 5.55112e-17 5.55112e-17
threshold=4.4999999624256475 14.66022381203962 17940506.203670535 775000.00000000012 31659578.571572702 16051196.327091282 10250000.000000002 52.080531644231414 379284.50000000006 675186.50000000012 682622.00000000012
decision_type=2 2 2 2 2 2 2 2 2 2 2
left_child=2 8 3 6 5 -3 7 -1 -2 -4 -8
right_child=1 4 9 -5 -6 -7 10 -9 -10 -11 -12
leaf_value=-0.050477602459898144 -0.050477602459898123 0.050477602459898144 -0.050477602459897769 -0.050477602459898033 0.050477602459897776 0.050477602459898088 -0.050477602459897769 -0.050477602459897908 -0.050477602459898019 -0.050477602459897866 -0.050477602459897866
leaf_weight=8.2474195212125725 0.98406710196286329 8.7816273765638417 0.25304582621902305 1.0121833048760898 0.26241789385676462 3.0459219822660097 0.25304582621902305 0.4311151113361128 0.51546372007578611 0.19681342039257288 0.19681342039257288
leaf_count=880 105 937 27 108 28 325 27 46 55 21 21
internal_value=0 0.0393377 -0.0504776 -0.0504776 0.0504776 0.0504776 -0.0504776 -0.0504776 -0.0504776 -0.0504776 -0.0504776
internal_weight=24.1799 13.5895 10.5904 10.1406 12.09 11.8275 9.12839 8.67853 1.49953 0.449859 0.449859
internal_count=2580 1450 1130 1082 1290 1262 974 926 160 48 48
is_linear=0
shrinkage=0.05


Tree=80
num_leaves=11
num_cat=0
split_feature=15 2 0 0 0 0 0 3 11 3
split_gain=18.26 5.17097 1.77636e-15 1.77636e-15 1.77636e-15 1.77636e-15 1.77636e-15 1.77636e-15 2.22045e-16 1.11022e-16
threshold=4.4999999624256475 14.66022381203962 1250000.0000000002 31659578.571572702 23885868.135745354 19295013.421386007 18929628.85312378 2151155.8748261277 -0.29336057114558017 2882291.0000000005
decision_type=2 2 2 2 2 2 2 2 2 2
left_child=2 8 7 4 5 6 -3 -1 -2 -9
right_child=1 3 -4 -5 -6 -7 -8 9 -10 -11
leaf_value=-0.050454089710258457 -0.050454089710258422 0.050454089710258498 -0.050454089710258158 0.050454089710258103 0.050454089710258193 0.050454089710258325 0.050454089710258332 -0.05045408971025811 -0.050454089710258457 -0.050454089710258325
leaf_weight=9.1687690243124944 1.2129888981580732 9.534449500963083 0.29432818852365095 0.24973300844431001 0.33892336860299188 0.67784673720598299 0.70460384525358755 0.2586520444601782 0.21405686438083549 0.35676144063472748
leaf_count=1028 136 1069 33 28 38 76 79 29 24 40
internal_value=0 0.0393194 -0.0504541 0.0504541 0.0504541 0.0504541 0.0504541 -0.0504541 -0.0504541 -0.0504541
internal_weight=23.0111 12.9326 10.0785 11.5056 11.2558 10.9169 10.2391 9.78418 1.42705 0.615413
internal_count=2580 1450 1130 1290 1262 1224 1148 1097 160 69
is_linear=0
shrinkage=0.05


Tree=81
num_leaves=9
num_cat=0
split_feature=15 2 0 0 3 3 3 11
split_gain=17.3616 4.91655 1.77636e-15 1.77636e-15 1.77636e-15 1.77636e-15 2.22045e-16 2.22045e-16
threshold=4.4999999624256475 14.66022381203962 31588702.462338831 23909488.183130559 1120535.8881025757 220523.00000000003 1399813.3021360447 -0.191146895568261
decision_type=2 2 2 2 2 2 2 2
left_child=-1 7 3 4 5 -3 -6 -2
right_child=1 2 -4 -5 6 -7 -8 -9
leaf_value=-0.050431744248960297 -0.050431744248960277 0.050431744248960367 0.050431744248960034 0.050431744248959909 0.050431744248960048 0.050431744248960235 0.050431744248960221 -0.050431744248960325
leaf_weight=9.5911162812262791 1.1628167526796458 8.5810783719643862 0.3055576868355282 0.22068055160343725 0.32253311388194639 1.010037909261883 0.5092628113925457 0.19521741103380819
leaf_count=1130 137 1011 36 26 38 119 60 23
internal_value=0 0.039302 0.0504317 0.0504317 0.0504317 0.0504317 0.0504317 -0.0504317
internal_weight=21.8983 12.3072 10.9492 10.6436 10.4229 9.59112 0.831796 1.35803
internal_count=2580 1450 1290 1254 1228 1130 98 160
is_linear=0
shrinkage=0.05


Tree=82
num_leaves=11
num_cat=0
split_feature=15 2 0 0 1 3 4 11 11 3
split_gain=16.5077 4.67475 1.77636e-15 1.77636e-15 1.77636e-15 1.77636e-15 1.77636e-15 2.22045e-16 2.22045e-16 1.11022e-16
threshold=4.4999999624256475 14.66022381203962 31659578.571572702 24142008.23320223 75457919.401991099 3392166.0000000005 1077.4472836919488 -0.37773118131564604 -0.5983578915409683 493438.00000000006
decision_type=2 2 2 2 2 2 2 2 2 2
left_child=5 7 3 4 -3 6 -1 8 -2 -6
right_child=1 2 -4 -5 9 -7 -8 -9 -10 -11
leaf_value=-0.050410512486543983 -0.050410512486543928 0.050410512486544004 0.050410512486543581 0.050410512486543491 0.050410512486543671 -0.050410512486543539 -0.050410512486543581 -0.050410512486543983 -0.05041051248654374 0.050410512486543796
leaf_weight=8.6990125402808172 0.86424729973077763 9.4501807540655065 0.22615817189216691 0.1857727840542801 0.29077479243278581 0.20192693918943483 0.22615817189216691 0.24231232702731986 0.18577278405427922 0.26654355973005295
leaf_count=1077 107 1170 28 23 36 25 28 30 23 33
internal_value=0 0.0392854 0.0504105 0.0504105 0.0504105 -0.0504105 -0.0504105 -0.0504105 -0.0504105 0.0504105
internal_weight=20.8389 11.7118 10.4194 10.1933 10.0075 9.1271 8.92517 1.29233 1.05002 0.557318
internal_count=2580 1450 1290 1262 1239 1130 1105 160 130 69
is_linear=0
shrinkage=0.05


Tree=83
num_leaves=6
num_cat=0
split_feature=15 2 3 0 11
split_gain=15.6962 4.44493 3.55271e-15 1.77636e-15 4.44089e-16
threshold=4.4999999624256475 14.66022381203962 2054161.5000000002 31621570.366124626 -0.36561782068443305
decision_type=2 2 2 2 2
left_child=2 4 -1 -3 -2
right_child=1 3 -4 -5 -6
leaf_value=-0.050390330384507 -0.050390330384506965 0.050390330384507021 -0.050390330384506868 0.05039033038450666 -0.050390330384507014
leaf_weight=8.0397165818139911 1.0222584181465206 9.6614949745126033 0.64563689567148763 0.25364306615665633 0.20752614503726263
leaf_count=1046 133 1257 84 33 27
internal_value=0 0.0392697 -0.0503903 0.0503903 -0.0503903
internal_weight=19.8303 11.1449 8.68535 9.91514 1.22978
internal_count=2580 1450 1130 1290 160
is_linear=0
shrinkage=0.05


Tree=84
num_leaves=9
num_cat=0
split_feature=15 2 0 0 0 7 3 0
split_gain=14.9248 4.2265 1.77636e-15 1.77636e-15 1.77636e-15 1.77636e-15 2.22045e-16 1.11022e-16
threshold=4.4999999624256475 14.66022381203962 31659578.571572702 24002816.629152801 19002430.906132039 20.997871862885997 72005.124689690667 23754445.109062839
decision_type=2 2 2 2 2 2 2 2
left_child=5 6 3 4 -3 -1 -2 -6
right_child=1 2 -4 -5 7 -7 -8 -9
leaf_value=-0.050371146966686091 -0.050371146966686098 0.050371146966686133 0.050371146966685668 0.050371146966685633 0.05037114696668598 -0.050371146966685681 -0.050371146966686056 0.050371146966685855
leaf_weight=8.0527245607227087 0.15359420143067737 8.1331786662340093 0.2047922685742386 0.19016424939036447 0.70214492082595903 0.21210627816617567 1.0166473332792518 0.20479226857423782
leaf_count=1101 21 1112 28 26 96 29 139 28
internal_value=0 0.0392548 0.0503711 0.0503711 0.0503711 -0.0503711 -0.0503711 0.0503711
internal_weight=18.8701 10.6053 9.43507 9.23028 9.04012 8.26483 1.17024 0.906937
internal_count=2580 1450 1290 1262 1236 1130 160 124
is_linear=0
shrinkage=0.05


Tree=85
num_leaves=5
num_cat=0
split_feature=15 2 3 1
split_gain=14.1917 4.01888 3.55271e-15 5.55112e-17
threshold=4.4999999624256475 14.66022381203962 1349637.4009034054 25351769.093079779
decision_type=2 2 2 2
left_child=-1 -2 -3 -4
right_child=1 2 3 -5
leaf_value=-0.050352918042149558 -0.050352918042149579 0.050352918042149586 0.050352918042149065 0.050352918042149412
leaf_weight=7.8645246988162425 1.1135610193014134 8.5117820412851835 0.17399390926584679 0.2923097675666213
leaf_count=1130 160 1223 25 42
internal_value=0 0.0392405 0.0503529 0.0503529
internal_weight=17.9562 10.0916 8.97809 0.466304
internal_count=2580 1450 1290 67
is_linear=0
shrinkage=0.05


Tree=86
num_leaves=7
num_cat=0
split_feature=15 2 5 0 3 3
split_gain=13.4948 3.82153 1.77636e-15 8.88178e-16 2.22045e-16 1.11022e-16
threshold=4.4999999624256475 14.66022381203962 5.5082202789715131 444908.91328899178 459613.50000000006 1036575.0000000001
decision_type=2 2 2 2 2 2
left_child=3 -2 -3 -1 -5 -6
right_child=1 2 -4 4 5 -7
leaf_value=-0.050335586632701913 -0.050335586632701934 0.050335586632701948 0.05033558663270174 -0.050335586632701892 -0.050335586632701802 -0.050335586632701705
leaf_weight=6.1192336902022388 1.0596075654029835 8.0927527807652915 0.45033321529626924 0.77483803220093228 0.37748519517481327 0.21192151308059692
leaf_count=924 160 1222 68 117 57 32
internal_value=0 0.039227 0.0503356 -0.0503356 -0.0503356 -0.0503356
internal_weight=17.0862 9.60269 8.54309 7.48348 1.36424 0.589407
internal_count=2580 1450 1290 1130 206 89
is_linear=0
shrinkage=0.05


Tree=87
num_leaves=6
num_cat=0
split_feature=15 2 0 0 0
split_gain=12.8323 3.63393 1.77636e-15 1.77636e-15 8.88178e-16
threshold=4.4999999624256475 14.66022381203962 31621570.366124626 18958797.04825427 118958.4385961107
decision_type=2 2 2 2 2
left_child=4 -2 3 -3 -1
right_child=1 2 -4 -5 -6
leaf_value=-0.050319112703521698 -0.050319112703521733 0.05031911270352174 0.050319112703521518 0.050319112703521698 -0.050319112703521712
leaf_weight=4.6883696280419853 1.0082515329122532 6.7867931309156102 0.20795187866315235 1.1342829745262859 2.4324068231508136
leaf_count=744 160 1077 33 180 386
internal_value=0 0.0392142 0.0503191 0.0503191 -0.0503191
internal_weight=16.2581 9.13728 8.12903 7.92108 7.12078
internal_count=2580 1450 1290 1257 1130
is_linear=0
shrinkage=0.05


Tree=88
num_leaves=8
num_cat=0
split_feature=15 2 0 0 0 3 0
split_gain=12.2026 3.4556 1.77636e-15 1.77636e-15 2.22045e-16 2.22045e-16 1.11022e-16
threshold=4.4999999624256475 14.66022381203962 550000.00000000012 18679693.337574106 31588702.462338831 643743.50000000012 975000.00000000012
decision_type=2 2 2 2 2 2 2
left_child=2 6 -1 -3 -5 -4 -2
right_child=1 3 5 4 -6 -7 -8
leaf_value=-0.050303453438993999 -0.05030345343899411 0.050303453438994006 -0.050303453438993929 0.050303453438993978 0.050303453438993811 -0.050303453438993818 -0.050303453438993909
leaf_weight=5.9660793282091626 0.4616965912282448 6.313850786536932 0.5456414259970187 1.2052079848945139 0.21585814654827107 0.26382662355899811 0.49767294898629189
leaf_count=995 77 1053 91 201 36 44 83
internal_value=0 0.039202 -0.0503035 0.0503035 0.0503035 -0.0503035 -0.0503035
internal_weight=15.4698 8.69429 6.77555 7.73492 1.42107 0.809468 0.95937
internal_count=2580 1450 1130 1290 237 135 160
is_linear=0
shrinkage=0.05


Tree=89
num_leaves=13
num_cat=0
split_feature=15 2 0 3 3 3 3 0 3 3 3 3
split_gain=11.6039 3.28607 8.88178e-16 8.88178e-16 8.88178e-16 4.44089e-16 2.22045e-16 1.11022e-16 1.11022e-16 1.11022e-16 5.55112e-17 5.55112e-17
threshold=4.4999999624256475 14.66022381203962 1250000.0000000002 271649.00000000006 2882291.0000000005 230222.50000000003 89346.500000000015 975000.00000000012 11023.492882826804 152196.50000000003 254177.50000000003 459613.50000000006
decision_type=2 2 2 2 2 2 2 2 2 2 2 2
left_child=2 7 3 5 -5 6 8 -2 -1 -8 -7 -9
right_child=1 -3 -4 4 -6 10 9 11 -10 -11 -12 -13
leaf_value=-0.050288565509063257 -0.050288565509063778 0.050288565509063667 -0.050288565509063445 -0.050288565509063667 -0.050288565509063479 -0.050288565509063403 -0.050288565509063556 -0.050288565509063521 -0.050288565509063604 -0.050288565509063569 -0.050288565509063278 -0.050288565509063334
leaf_weight=0.25103208422660939 0.4393061473965626 7.3598042875528336 0.1882740631699561 3.9879869744181633 0.22821098566055287 0.15974768996238697 0.40507449954748154 0.32520065456628799 0.62758021056652069 0.47353779524564743 0.12551604211330414 0.14833714067935944
leaf_count=44 77 1290 33 699 40 28 71 57 110 83 22 26
internal_value=0 0.0391904 -0.0502886 -0.0502886 -0.0502886 -0.0502886 -0.0502886 -0.0502886 -0.0502886 -0.0502886 -0.0502886 -0.0502886
internal_weight=14.7196 8.27265 6.44696 6.25869 4.2162 2.04249 1.75722 0.912844 0.878612 0.878612 0.285264 0.473538
internal_count=2580 1450 1130 1097 739 358 308 160 154 154 50 83
is_linear=0
shrinkage=0.05


Tree=90
num_leaves=10
num_cat=0
split_feature=15 2 0 3 0 0 0 1 3
split_gain=11.0348 3.1249 1.77636e-15 1.77636e-15 2.22045e-16 1.11022e-16 1.11022e-16 5.55112e-17 5.55112e-17
threshold=4.4999999624256475 14.66022381203962 18035417.088579338 18593.167948764381 23747400.459630352 975000.00000000012 31659578.571572702 -1.0000000180025095e-35 432284.00000000006
decision_type=2 2 2 2 2 2 2 2 2
left_child=3 5 -3 -1 -4 -2 7 -6 -7
right_child=1 2 4 -5 6 8 -8 -9 -10
leaf_value=-0.050274416488064133 -0.050274416488064168 0.050274416488064272 0.050274416488064223 -0.050274416488064272 0.050274416488063946 -0.050274416488064105 0.050274416488063946 0.050274416488064105 -0.050274416488063946
leaf_weight=0.31485381070524443 0.4179955762811004 5.6727971066720784 0.7274208730086682 5.8193669840693474 0.15199839137494564 0.29856826877221465 0.15199839137494564 0.29856826877221465 0.15199839137494564
leaf_count=58 77 1045 134 1072 28 55 28 55 28
internal_value=0 0.0391794 0.0502744 -0.0502744 0.0502744 -0.0502744 0.0502744 0.0502744 -0.0502744
internal_weight=14.0056 7.87135 7.00278 6.13422 1.32999 0.868562 0.602565 0.450567 0.450567
internal_count=2580 1450 1290 1130 245 160 111 83 83
is_linear=0
shrinkage=0.05


Tree=91
num_leaves=6
num_cat=0
split_feature=15 2 0 0 3
split_gain=10.4938 2.97168 8.88178e-16 8.88178e-16 1.11022e-16
threshold=4.4999999624256475 14.66022381203962 1250000.0000000002 163114.34112607967 940075.50000000012
decision_type=2 2 2 2 2
left_child=2 4 -1 -3 -2
right_child=1 3 -4 -5 -6
leaf_value=-0.050260958607153322 -0.050260958607153267 0.050260958607153287 -0.050260958607153065 0.050260958607153322 -0.050260958607152843
leaf_weight=5.666125534567982 0.72311538271605957 1.1724799419753251 0.17044862592592824 5.4905117987655103 0.10330219753086567
leaf_count=1097 140 227 33 1063 20
internal_value=0 0.0391689 -0.050261 0.050261 -0.050261
internal_weight=13.326 7.48941 5.83657 6.66299 0.826418
internal_count=2580 1450 1130 1290 160
is_linear=0
shrinkage=0.05


Tree=92
num_leaves=7
num_cat=0
split_feature=15 2 0 3 0 3
split_gain=9.97937 2.82602 8.88178e-16 8.88178e-16 1.11022e-16 1.11022e-16
threshold=4.4999999624256475 14.66022381203962 31588702.462338831 1144160.660425781 444908.91328899178 695280.00000000012
decision_type=2 2 2 2 2 2
left_child=3 4 -3 -1 -2 -6
right_child=1 2 -4 -5 5 -7
leaf_value=-0.050248165444261195 -0.050248165444260973 0.050248165444261195 0.050248165444260952 -0.050248165444261167 -0.050248165444261098 -0.050248165444260764
leaf_weight=4.4229815248399973 0.19657695665955532 6.1626875912770629 0.17691926099359978 1.1303175007924435 0.47669911989942193 0.11303175007924438
leaf_count=900 40 1254 36 230 97 23
internal_value=0 0.0391589 0.0502482 -0.0502482 -0.0502482 -0.0502482
internal_weight=12.6792 7.12591 6.33961 5.5533 0.786308 0.589731
internal_count=2580 1450 1290 1130 160 120
is_linear=0
shrinkage=0.05


Tree=93
num_leaves=8
num_cat=0
split_feature=15 2 0 0 3 3 3
split_gain=9.49032 2.68752 8.88178e-16 8.88178e-16 1.11022e-16 1.11022e-16 1.11022e-16
threshold=4.4999999624256475 14.66022381203962 1250000.0000000002 23909488.183130559 868323.00000000012 459613.50000000006 335791.03660398576
decision_type=2 2 2 2 2 2 2
left_child=2 4 -1 -3 5 6 -2
right_child=1 3 -4 -5 -6 -7 -8
leaf_value=-0.050236005157098085 -0.050236005157097988 0.050236005157098085 -0.0502360051570978 0.050236005157097946 -0.050236005157097641 -0.050236005157097578 -0.050236005157097675
leaf_weight=5.1294046835973859 0.41615042556077231 5.7419407032430172 0.15430296678096045 0.2899025436490773 0.11222033947706223 0.098192797042429447 0.12157203443348408
leaf_count=1097 89 1228 33 62 24 21 26
internal_value=0 0.0391494 -0.050236 0.050236 -0.050236 -0.050236 -0.050236
internal_weight=12.0637 6.77998 5.28371 6.03184 0.748136 0.635915 0.537722
internal_count=2580 1450 1130 1290 160 136 115
is_linear=0
shrinkage=0.05


Tree=94
num_leaves=11
num_cat=0
split_feature=15 2 0 0 3 3 3 3 3 3
split_gain=9.02534 2.55585 1.77636e-15 8.88178e-16 2.22045e-16 1.11022e-16 1.11022e-16 1.11022e-16 1.11022e-16 1.11022e-16
threshold=4.4999999624256475 14.66022381203962 15834119.56445534 23548.757796258498 1198471.0000000002 687821.50000000012 473405.50000000006 940075.50000000012 473405.50000000006 322740.00000000006
decision_type=2 2 2 2 2 2 2 2 2 2
left_child=3 7 -3 4 5 6 -1 8 9 -2
right_child=1 2 -4 -5 -6 -7 -8 -9 -10 -11
leaf_value=-0.050224441134509683 -0.050224441134509662 0.050224441134509759 0.050224441134509745 -0.050224441134509759 -0.050224441134509391 -0.050224441134509516 -0.050224441134509384 -0.050224441134509204 -0.050224441134509301 -0.050224441134509384
leaf_weight=0.50716345198452462 0.38704579230397929 4.1151420446112752 1.623812806792557 4.0573076158761978 0.13346406631171703 0.20019609946757555 0.12901526410132647 0.088976044207811356 0.10677125304937363 0.12901526410132647
leaf_count=114 87 925 365 912 30 45 29 20 24 29
internal_value=0 0.0391404 0.0502244 -0.0502244 -0.0502244 -0.0502244 -0.0502244 -0.0502244 -0.0502244 -0.0502244
internal_weight=11.4779 6.45076 5.73895 5.02715 0.969839 0.836375 0.636179 0.711808 0.622832 0.516061
internal_count=2580 1450 1290 1130 218 188 143 160 140 116
is_linear=0
shrinkage=0.05


Tree=95
num_leaves=7
num_cat=0
split_feature=15 2 0 0 3 0
split_gain=8.58324 2.43065 8.88178e-16 8.88178e-16 1.11022e-16 2.77556e-17
threshold=4.4999999624256475 14.66022381203962 775000.00000000012 24142008.23320223 940075.50000000012 31639166.968322512
decision_type=2 2 2 2 2 2
left_child=2 4 -1 -3 -2 -5
right_child=1 3 -4 5 -6 -7
leaf_value=-0.050213449731389095 -0.050213449731389026 0.050213449731389095 -0.050213449731389005 0.05021344973138861 -0.050213449731388506 0.050213449731388707
leaf_weight=4.3258545994758606 0.59258282184600819 5.2443579733371735 0.45713531970977772 0.088887423276901134 0.084654688835144043 0.12698203325271606
leaf_count=1022 140 1239 108 21 20 30
internal_value=0 0.0391319 -0.0502134 0.0502134 -0.0502134 0.0502134
internal_weight=10.9205 6.13746 4.78299 5.46023 0.677238 0.215869
internal_count=2580 1450 1130 1290 160 51
is_linear=0
shrinkage=0.05


Tree=96
num_leaves=10
num_cat=0
split_feature=15 2 0 1 1 4 0 3 3
split_gain=8.16289 2.31161 8.88178e-16 8.88178e-16 8.88178e-16 2.22045e-16 1.11022e-16 5.55112e-17 5.55112e-17
threshold=4.4999999624256475 14.66022381203962 975000.00000000012 -150190.38175096185 100064630.69330159 1077.4472836919488 1750000.0000000002 882229.50000000012 166067.50000000003
decision_type=2 2 2 2 2 2 2 2 2
left_child=2 6 -1 5 -5 -3 7 8 -2
right_child=1 3 -4 4 -6 -7 -8 -9 -10
leaf_value=-0.050202996656403223 -0.050202996656402946 0.050202996656402765 -0.050202996656403043 0.050202996656403223 0.050202996656402682 0.050202996656403188 -0.050202996656402904 -0.050202996656402599 -0.050202996656403036
leaf_weight=4.3009629920125008 0.15705763734877098 0.096650853753089794 0.24968137219548214 4.0029561929404736 0.08054237812757481 1.0148339644074438 0.15303051844239235 0.080542378127574921 0.253708491101861
leaf_count=1068 39 24 62 994 20 252 38 20 63
internal_value=0 0.0391237 -0.050203 0.050203 0.050203 0.050203 -0.050203 -0.050203 -0.050203
internal_weight=10.39 5.83932 4.55064 5.19498 4.0835 1.11148 0.644339 0.491309 0.410766
internal_count=2580 1450 1130 1290 1014 276 160 122 102
is_linear=0
shrinkage=0.05


Tree=97
num_leaves=8
num_cat=0
split_feature=15 2 0 0 0 3 3
split_gain=7.7632 2.19843 8.88178e-16 8.88178e-16 1.11022e-16 5.55112e-17 2.77556e-17
threshold=4.4999999624256475 14.66022381203962 292675.33058332081 19103490.030028354 975000.00000000012 442707.50000000006 215173.78273777119
decision_type=2 2 2 2 2 2 2
left_child=2 4 -1 -3 5 6 -2
right_child=1 3 -4 -5 -6 -7 -8
leaf_value=-0.050193054592294686 -0.050193054592294353 0.050193054592294686 -0.050193054592294652 0.050193054592294631 -0.050193054592294541 -0.050193054592294131 -0.050193054592294076
leaf_weight=3.2797241006046534 0.12643796182237554 4.3218794222921133 1.0498182284645734 0.62069544894620765 0.31801063125021756 0.088123427936807275 0.080460521159693599
leaf_count=856 33 1128 274 162 83 23 21
internal_value=0 0.039116 -0.0501931 0.0501931 -0.0501931 -0.0501931 -0.0501931
internal_weight=9.88515 5.55561 4.32954 4.94257 0.613033 0.295022 0.206898
internal_count=2580 1450 1130 1290 160 77 54
is_linear=0
shrinkage=0.05


Tree=98
num_leaves=11
num_cat=0
split_feature=15 2 0 0 0 11 0 3 3 3
split_gain=7.38316 2.09081 8.88178e-16 8.88178e-16 4.44089e-16 2.22045e-16 1.11022e-16 1.11022e-16 1.11022e-16 5.55112e-17
threshold=4.4999999624256475 14.66022381203962 775000.00000000012 19039274.333936561 99422.086439152146 -0.73947842325127344 31639166.968322512 940075.50000000012 128.00000000000003 622240.50000000012
decision_type=2 2 2 2 2 2 2 2 2 2
left_child=2 7 4 -3 -1 -6 8 -2 -5 -4
right_child=1 3 9 6 5 -7 -8 -9 -10 -11
leaf_value=-0.050183603710563546 -0.05018360371056349 0.050183603710563567 -0.0501836037105634 0.0501836037105634 -0.050183603710563546 -0.050183603710563268 0.050183603710563122 -0.050183603710562887 0.050183603710563379 -0.050183603710563213
leaf_weight=2.0413457974791531 0.51033644936978806 4.0826915949583054 0.25516822468489397 0.25516822468489397 1.5419451291672883 0.14216515375301231 0.10935781057924032 0.072905207052826881 0.25516822468489408 0.13851989340037107
leaf_count=560 140 1120 70 70 423 39 30 20 70 38
internal_value=0 0.0391086 -0.0501836 0.0501836 -0.0501836 -0.0501836 0.0501836 -0.0501836 0.0501836 -0.0501836
internal_weight=9.40477 5.28563 4.11914 4.70239 3.72546 1.68411 0.619694 0.583242 0.510336 0.393688
internal_count=2580 1450 1130 1290 1022 462 170 160 140 108
is_linear=0
shrinkage=0.05


Tree=99
num_leaves=3
num_cat=0
split_feature=15 2
split_gain=7.02179 1.98847
threshold=4.4999999624256475 14.66022381203962
decision_type=2 2
left_child=-1 -2
right_child=1 -3
leaf_value=-0.050174618745715084 -0.050174618745715022 0.050174618745715084
leaf_weight=3.9189350884407759 0.55489346385002125 4.4738285522907972
leaf_count=1130 160 1290
internal_value=0 0.0391016
internal_weight=8.94766 5.02872
internal_count=2580 1450
is_linear=0
shrinkage=0.05


Tree=100
num_leaves=9
num_cat=0
split_feature=15 2 2 10 3 3 3 3
split_gain=6.67817 1.89116 8.88178e-16 8.88178e-16 4.44089e-16 1.11022e-16 1.11022e-16 5.55112e-17
threshold=4.4999999624256475 14.66022381203962 10.767119137469029 -0.0010647825291642268 2882291.0000000005 1540914.0000000002 913624.13323180575 387356.00000000006
decision_type=2 2 2 2 2 2 2 2
left_child=2 6 5 -3 -4 -1 7 -2
right_child=1 3 4 -5 -6 -7 -8 -9
leaf_value=-0.050166072645324113 -0.050166072645324113 0.050166072645323891 -0.050166072645324217 0.050166072645324224 -0.050166072645323849 -0.050166072645323738 -0.050166072645323516 -0.050166072645323773
leaf_weight=0.52461914531886611 0.35304558835923661 0.12868016771972168 2.9926387723535304 4.127663841471076 0.11218271031975735 0.098984744399785995 0.069289321079850197 0.10558372735977173
leaf_count=159 107 39 907 1251 34 30 21 32
internal_value=0 0.0390949 -0.0501661 0.0501661 -0.0501661 -0.0501661 -0.0501661 -0.0501661
internal_weight=8.51269 4.78426 3.72843 4.25634 3.10482 0.623604 0.527919 0.458629
internal_count=2580 1450 1130 1290 941 189 160 139
is_linear=0
shrinkage=0.05


Tree=101
num_leaves=9
num_cat=0
split_feature=15 2 2 3 3 3 3 3
split_gain=6.35142 1.79863 4.44089e-16 1.11022e-16 1.11022e-16 1.11022e-16 1.11022e-16 2.77556e-17
threshold=4.4999999624256475 14.66022381203962 14.01824394535133 882229.50000000012 1375093.0000000002 981783.98797514068 173050.50000000003 83076.000000000015
decision_type=2 2 2 2 2 2 2 2
left_child=2 3 -1 -2 5 6 7 -4
right_child=1 -3 4 -5 -6 -7 -8 -9
leaf_value=-0.050157945302542986 -0.05015794530254291 0.050157945302543 -0.050157945302542487 -0.050157945302542306 -0.050157945302542285 -0.050157945302542452 -0.050157945302542875 -0.050157945302542285
leaf_weight=2.8408575092907999 0.43005246273241926 4.0493991016410291 0.08475486491806794 0.072198588633909822 0.069059519562870264 0.091033003060147166 0.39238363387994468 0.069059519562870264
leaf_count=905 137 1290 27 23 22 29 125 22
internal_value=0 0.0390886 -0.0501579 -0.0501579 -0.0501579 -0.0501579 -0.0501579 -0.0501579
internal_weight=8.0988 4.55165 3.54715 0.502251 0.706291 0.637231 0.546198 0.153814
internal_count=2580 1450 1130 160 225 203 174 49
is_linear=0
shrinkage=0.05


Tree=102
num_leaves=8
num_cat=0
split_feature=15 2 0 2 2 4 4
split_gain=6.0407 1.71064 4.44089e-16 4.44089e-16 4.44089e-16 4.44089e-16 5.55112e-17
threshold=4.4999999624256475 14.66022381203962 23909488.183130559 12.688616188785245 10.767119137469029 8.4710204515630121 -12827.231430669877
decision_type=2 2 2 2 2 2 2
left_child=3 -2 5 4 -1 6 -3
right_child=1 2 -4 -5 -6 -7 -8
leaf_value=-0.050150219181386395 -0.05015021918138645 0.050150219181386402 0.050150219181386305 -0.050150219181386513 -0.050150219181386513 0.050150219181386527 0.050150219181385847
leaf_weight=0.56443402986042279 0.4778277501463889 0.36135723604820669 0.18515825318172563 1.3259720066562293 1.4842524488922206 3.1775545384734869 0.12841620785184282
leaf_count=189 160 121 62 444 497 1064 43
internal_value=0 0.0390826 0.0501502 -0.0501502 -0.0501502 0.0501502 0.0501502
internal_weight=7.70497 4.33031 3.85249 3.37466 2.04869 3.66733 0.489773
internal_count=2580 1450 1290 1130 686 1228 164
is_linear=0
shrinkage=0.05


Tree=103
num_leaves=6
num_cat=0
split_feature=15 2 0 3 7
split_gain=5.74523 1.62697 4.44089e-16 5.55112e-17 5.55112e-17
threshold=4.4999999624256475 14.66022381203962 1250000.0000000002 687821.50000000012 11.995224272037648
decision_type=2 2 2 2 2
left_child=2 3 -1 4 -2
right_child=1 -3 -4 -5 -6
leaf_value=-0.050142873263314805 -0.050142873263314375 0.050142873263314819 -0.050142873263314347 -0.050142873263314264 -0.050142873263314638
leaf_weight=3.1167739026714121 0.099441282218322047 3.6651215446181595 0.093758923234417924 0.088076564250513911 0.2670708722434938
leaf_count=1097 35 1290 33 31 94
internal_value=0 0.0390769 -0.0501429 -0.0501429 -0.0501429
internal_weight=7.33024 4.11971 3.21053 0.454589 0.366512
internal_count=2580 1450 1130 160 129
is_linear=0
shrinkage=0.05


Tree=104
num_leaves=8
num_cat=0
split_feature=15 2 0 3 0 3 3
split_gain=5.46425 1.5474 4.44089e-16 4.44089e-16 2.22045e-16 5.55112e-17 2.77556e-17
threshold=4.4999999624256475 14.66022381203962 14289669.636727272 41828.596432641993 31349607.338254195 882229.50000000012 18593.167948764381
decision_type=2 2 2 2 2 2 2
left_child=3 5 -3 6 -4 -2 -1
right_child=1 2 4 -5 -6 -7 -8
leaf_value=-0.05013588344568333 -0.050135883445683573 0.050135883445683718 0.050135883445683704 -0.050135883445683732 0.050135883445683364 -0.050135883445682941 -0.050135883445682816
leaf_weight=0.15677288454026017 0.37030836520716581 2.3651081719435756 0.99199394183233358 2.8435357678681612 0.12974307686090469 0.062168557662516832 0.054059615358710289
leaf_count=58 137 875 367 1052 48 23 20
internal_value=0 0.0390714 0.0501359 -0.0501359 0.0501359 -0.0501359 -0.0501359
internal_weight=6.97369 3.91932 3.48685 3.05437 1.12174 0.432477 0.210832
internal_count=2580 1450 1290 1130 415 160 78
is_linear=0
shrinkage=0.05


Tree=105
num_leaves=8
num_cat=0
split_feature=15 2 2 3 0 2 2
split_gain=5.19705 1.47173 4.44089e-16 4.44089e-16 5.55112e-17 5.55112e-17 5.55112e-17
threshold=4.4999999624256475 14.66022381203962 15.375787781498664 2199.0932489229021 1750000.0000000002 15.078370480194112 15.368349241822644
decision_type=2 2 2 2 2 2 2
left_child=3 4 5 -1 -2 -3 -7
right_child=1 2 -4 -5 -6 6 -8
leaf_value=-0.050129236821415304 -0.050129236821415936 0.050129236821415846 0.050129236821416123 -0.050129236821416123 -0.050129236821415638 0.05012923682141586 0.050129236821415638
leaf_weight=0.079716100124642586 0.31372142629697952 0.22114789066836271 2.8260643237736076 2.8260643237736076 0.097716509830206633 0.17228963575325906 0.097716509830206633
leaf_count=31 122 86 1099 1099 38 67 38
internal_value=0 0.0390662 0.0501292 -0.0501292 -0.0501292 0.0501292 0.0501292
internal_weight=6.63444 3.72866 3.31722 2.90578 0.411438 0.491154 0.270006
internal_count=2580 1450 1290 1130 160 191 105
is_linear=0
shrinkage=0.05


Tree=106
num_leaves=8
num_cat=0
split_feature=15 2 0 0 3 0 3
split_gain=4.94295 1.39977 4.44089e-16 4.44089e-16 1.11022e-16 5.55112e-17 5.55112e-17
threshold=4.4999999624256475 14.66022381203962 444908.91328899178 31485797.688957732 409734.00000000006 1750000.0000000002 1186410.8751276231
decision_type=2 2 2 2 2 2 2
left_child=2 5 -1 -3 -4 -2 -6
right_child=1 3 4 -5 6 -7 -8
leaf_value=-0.050122916884773133 -0.050122916884772932 0.050122916884773133 -0.050122916884772974 0.050122916884772752 -0.050122916884772911 -0.05012291688477262 -0.050122916884772217
leaf_weight=2.2604503668844704 0.29845773242414031 3.0457366956397895 0.24953023530542839 0.1100868685171007 0.20060273818671703 0.092962244525551796 0.053820246830582619
leaf_count=924 122 1245 102 45 82 38 22
internal_value=0 0.0390613 -0.0501229 0.0501229 -0.0501229 -0.0501229 -0.0501229
internal_weight=6.31165 3.54724 2.7644 3.15582 0.503953 0.39142 0.254423
internal_count=2580 1450 1130 1290 206 160 104
is_linear=0
shrinkage=0.05


Tree=107
num_leaves=6
num_cat=0
split_feature=15 2 4 6 3
split_gain=4.7013 1.33134 8.88178e-16 8.88178e-16 5.55112e-17
threshold=4.4999999624256475 14.66022381203962 0.086689069139597771 2.0394450621661497 687821.50000000012
decision_type=2 2 2 2 2
left_child=2 4 -1 -3 -2
right_child=1 3 -4 -5 -6
leaf_value=-0.050116908739253285 -0.050116908739253174 0.050116908739253334 -0.050116908739253375 0.050116908739253375 -0.050116908739252702
leaf_weight=0.61441664211452041 0.30022631376050446 1.0007543792016806 2.0154727729968727 2.0015087584033608 0.072147408733144403
leaf_count=264 129 430 866 860 31
internal_value=0 0.0390566 -0.0501169 0.0501169 -0.0501169
internal_weight=6.00453 3.37464 2.62989 3.00226 0.372374
internal_count=2580 1450 1130 1290 160
is_linear=0
shrinkage=0.05


Tree=108
num_leaves=8
num_cat=0
split_feature=15 2 0 0 3 3 4
split_gain=4.47149 1.26626 8.88178e-16 4.44089e-16 5.55112e-17 5.55112e-17 2.77556e-17
threshold=4.4999999624256475 14.66022381203962 3410415.6069205264 975000.00000000012 778082.00000000012 322740.00000000006 2.9900730695568236
decision_type=2 2 2 2 2 2 2
left_child=3 4 -3 -1 5 6 -2
right_child=1 2 -4 -5 -6 -7 -8
leaf_value=-0.050111195413793823 -0.050111195413792345 0.050111195413793753 0.05011119541379383 -0.050111195413793524 -0.050111195413792976 -0.050111195413793365 -0.050111195413793511
leaf_weight=2.3646334139630203 0.044281524606049394 0.74614368961192701 2.1100146474782377 0.13727272627875198 0.057565981987863779 0.10406158282421529 0.14834310743026435
leaf_count=1068 20 337 953 62 26 47 67
internal_value=0 0.0390522 0.0501112 -0.0501112 -0.0501112 -0.0501112 -0.0501112
internal_weight=5.71232 3.21041 2.85616 2.50191 0.354252 0.296686 0.192625
internal_count=2580 1450 1290 1130 160 134 87
is_linear=0
shrinkage=0.05


Tree=109
num_leaves=5
num_cat=0
split_feature=15 2 0 3
split_gain=4.25294 1.20437 4.44089e-16 5.55112e-17
threshold=4.4999999624256475 14.66022381203962 31349607.338254195 604977.00000000012
decision_type=2 2 2 2
left_child=-1 3 -3 -2
right_child=1 2 -4 -5
leaf_value=-0.050105763923823869 -0.050105763923823633 0.050105763923823869 0.050105763923823446 -0.05010576392382321
leaf_weight=2.3801383073441684 0.26328963576816056 2.6160458209924404 0.10110322013497341 0.073721098015084863
leaf_count=1130 125 1242 48 35
internal_value=0 0.0390479 0.0501058 -0.0501058
internal_weight=5.4343 3.05416 2.71715 0.337011
internal_count=2580 1450 1290 160
is_linear=0
shrinkage=0.05


Tree=110
num_leaves=10
num_cat=0
split_feature=15 2 1 0 0 0 0 3 3
split_gain=4.04509 1.14551 8.88178e-16 4.44089e-16 4.44089e-16 2.22045e-16 5.55112e-17 5.55112e-17 5.55112e-17
threshold=4.4999999624256475 14.66022381203962 -705946.7209180434 246852.42001051226 19191451.719919518 23548.757796258498 31588702.462338831 882229.50000000012 432284.00000000006
decision_type=2 2 2 2 2 2 2 2 2
left_child=3 7 -3 5 -4 -1 -6 8 -2
right_child=1 2 4 -5 6 -7 -8 -9 -10
leaf_value=-0.050100590003303275 -0.050100590003303115 0.050100590003302616 0.050100590003303407 -0.050100590003303351 0.050100590003303226 -0.050100590003303393 0.05010059000330272 -0.050100590003302338 -0.050100590003302539
leaf_weight=0.43682675203308496 0.21841337601654265 0.1102085842285313 2.1861375526059419 0.58911497751250852 0.2184133760165422 1.2383437282405791 0.070132735418155789 0.046087226131930947 0.056106188334524632
leaf_count=218 109 55 1091 294 109 618 35 23 28
internal_value=0 0.0390439 0.0501006 -0.0501006 0.0501006 -0.0501006 0.0501006 -0.0501006 -0.0501006
internal_weight=5.16978 2.9055 2.58489 2.26429 2.47468 1.67517 0.288546 0.320607 0.27452
internal_count=2580 1450 1290 1130 1235 836 144 160 137
is_linear=0
shrinkage=0.05


Tree=111
num_leaves=4
num_cat=0
split_feature=15 2 3
split_gain=3.84742 1.08954 5.55112e-17
threshold=4.4999999624256475 14.66022381203962 75301.000000000015
decision_type=2 2 2
left_child=-1 2 -2
right_child=1 -3 -4
leaf_value=-0.050095675905861461 -0.050095675905859893 0.050095675905861461 -0.050095675905861295
leaf_weight=2.1540609456133097 0.041937469737604594 2.4590607255231589 0.26306231017224491
leaf_count=1130 22 1290 138
internal_value=0 0.0390401 -0.0500957
internal_weight=4.91812 2.76406 0.305
internal_count=2580 1450 160
is_linear=0
shrinkage=0.05


Tree=112
num_leaves=4
num_cat=0
split_feature=15 2 0
split_gain=3.65943 1.0363 4.44089e-16
threshold=4.4999999624256475 14.66022381203962 23860838.772683751
decision_type=2 2 2
left_child=-1 -2 -3
right_child=1 2 -4
leaf_value=-0.050091003802888161 -0.050091003802887946 0.050091003802888147 0.050091003802887828
leaf_weight=2.0491924637462944 0.29015114530921016 2.2124024829827253 0.12694112607277919
leaf_count=1130 160 1220 70
internal_value=0 0.0390364 0.050091
internal_weight=4.67869 2.62949 2.33934
internal_count=2580 1450 1290
is_linear=0
shrinkage=0.05


Tree=113
num_leaves=6
num_cat=0
split_feature=15 2 0 0 0
split_gain=3.48064 0.985669 4.44089e-16 2.22045e-16 5.55112e-17
threshold=4.4999999624256475 14.66022381203962 5947157.0350822993 49776.201256460809 1750000.0000000002
decision_type=2 2 2 2 2
left_child=3 4 -3 -1 -2
right_child=1 2 -4 -5 -6
leaf_value=-0.050086558171247852 -0.05008655817124761 0.050086558171247852 0.050086558171247887 -0.050086558171247887 -0.050086558171247166
leaf_weight=0.65728260856121767 0.21046844683587584 1.0074883028864863 1.2179567497223613 1.2921382514759896 0.065555745735764503
leaf_count=381 122 584 706 749 38
internal_value=0 0.039033 0.0500866 -0.0500866 -0.0500866
internal_weight=4.45089 2.50147 2.22545 1.94942 0.276024
internal_count=2580 1450 1290 1130 160
is_linear=0
shrinkage=0.05


Tree=114
num_leaves=4
num_cat=0
split_feature=15 2 3
split_gain=3.3106 0.937516 2.22045e-16
threshold=4.4999999624256475 14.66022381203962 101311.50000000001
decision_type=2 2 2
left_child=2 -2 -1
right_child=1 -3 -4
leaf_value=-0.050082327424523357 -0.050082327424523246 0.050082327424523482 -0.050082327424523482
leaf_weight=0.30197153240442265 0.26258394122123752 2.1170830260962248 1.5525275524705646
leaf_count=184 160 1290 946
internal_value=0 0.0390297 -0.0500823
internal_weight=4.23417 2.37967 1.8545
internal_count=2580 1450 1130
is_linear=0
shrinkage=0.05


Tree=115
num_leaves=5
num_cat=0
split_feature=15 2 0 3
split_gain=3.14889 0.89172 2.22045e-16 1.11022e-16
threshold=4.4999999624256475 14.66022381203962 40432.194163104861 1990830.4860063347
decision_type=2 2 2 2
left_child=2 -2 3 -1
right_child=1 -3 -4 -5
leaf_value=-0.050078305817492445 -0.050078305817492265 0.050078305817492508 -0.050078305817492487 -0.050078305817491342
leaf_weight=0.51364533707965154 0.2497971244156364 2.0139893156010658 1.2083935893606392 0.042153264745138586
leaf_count=329 160 1290 774 27
internal_value=0 0.0390265 -0.0500783 -0.0500783
internal_weight=4.02798 2.26379 1.76419 0.555799
internal_count=2580 1450 1130 356
is_linear=0
shrinkage=0.05


Tree=116
num_leaves=13
num_cat=0
split_feature=15 2 2 0 0 0 0 11 3 8 0 3
split_gain=2.99508 0.848164 4.44089e-16 2.22045e-16 2.22045e-16 1.11022e-16 1.11022e-16 1.11022e-16 2.77556e-17 2.77556e-17 1.38778e-17 1.38778e-17
threshold=4.4999999624256475 14.66022381203962 12.31764892117703 5976891.0351072969 23754445.109062839 118958.4385961107 1250000.0000000002 -0.82409526433101521 374658.00000000006 3.9983398585663963 31588702.462338831 612138.50000000012
decision_type=2 2 2 2 2 2 2 2 2 2 2 2
left_child=2 8 5 -3 -5 -1 7 -4 9 -2 -6 -10
right_child=1 3 6 4 10 -7 -8 -9 11 -11 -12 -13
leaf_value=-0.050074480071956057 -0.050074480071955321 0.050074480071956078 -0.050074480071955751 0.050074480071956078 0.050074480071955391 -0.050074480071955751 -0.050074480071955099 -0.050074480071956029 -0.05007448007195478 -0.050074480071955391 0.050074480071955189 -0.050074480071955099
leaf_weight=0.81983066629618429 0.083171227015555238 0.87329788366332639 0.13663844438269734 0.92082429910078623 0.068319222191348672 0.13663844438269734 0.049011615919880569 0.53615737415384501 0.037130012060515583 0.068319222191348672 0.053467217367142439 0.049011615919880569
leaf_count=552 56 588 92 620 46 92 33 361 25 46 36 33
internal_value=0 0.0390236 -0.0500745 0.0500745 0.0500745 -0.0500745 -0.0500745 -0.0500745 -0.0500745 -0.0500745 0.0500745 -0.0500745
internal_weight=3.83182 2.15354 1.67828 1.91591 1.04261 0.956469 0.721807 0.672796 0.237632 0.15149 0.121786 0.0861416
internal_count=2580 1450 1130 1290 702 644 486 453 160 102 82 58
is_linear=0
shrinkage=0.05


Tree=117
num_leaves=8
num_cat=0
split_feature=15 2 0 0 3 3 11
split_gain=2.84879 0.806738 2.22045e-16 2.22045e-16 5.55112e-17 5.55112e-17 2.77556e-17
threshold=4.4999999624256475 14.66022381203962 23548.757796258498 31639166.968322512 89346.500000000015 1144160.660425781 -0.75312360324873262
decision_type=2 2 2 2 2 2 2
left_child=2 6 4 -3 -1 -6 -2
right_child=1 3 -4 -5 5 -7 -8
leaf_value=-0.05007084455642883 -0.050070844556430065 0.050070844556430495 -0.050070844556430488 0.050070844556429461 -0.050070844556430287 -0.050070844556429531 -0.050070844556429954
leaf_weight=0.039560259319842195 0.10879071312956512 1.7802116693928836 1.2885341607034204 0.042385992128401884 0.21758142625913024 0.050863190554082394 0.11726791155524585
leaf_count=28 77 1260 912 30 154 36 83
internal_value=0 0.0390207 -0.0500708 0.0500708 -0.0500708 -0.0500708 -0.0500708
internal_weight=3.6452 2.04866 1.59654 1.8226 0.308005 0.268445 0.226059
internal_count=2580 1450 1130 1290 218 190 160
is_linear=0
shrinkage=0.05


Tree=118
num_leaves=7
num_cat=0
split_feature=15 2 0 11 11 3
split_gain=2.70967 0.767339 2.22045e-16 2.22045e-16 5.55112e-17 2.77556e-17
threshold=4.4999999624256475 14.66022381203962 31485797.688957732 -0.78853520626696527 -0.21787918900291189 940075.50000000012
decision_type=2 2 2 2 2 2
left_child=3 5 -3 -1 -5 -2
right_child=1 2 -4 4 -6 -7
leaf_value=-0.050067386687941653 -0.050067386687941452 0.050067386687941667 0.050067386687940953 -0.050067386687941431 -0.050067386687941452 -0.050067386687939835
leaf_weight=1.0537356939166782 0.18816708819940675 1.6733430343447251 0.060482278349809238 0.18816708819940686 0.27687442977912757 0.026881012599915266
leaf_count=784 140 1245 45 140 206 20
internal_value=0 0.039018 0.0500674 -0.0500674 -0.0500674 -0.0500674
internal_weight=3.46765 1.94887 1.73383 1.51878 0.465042 0.215048
internal_count=2580 1450 1290 1130 346 160
is_linear=0
shrinkage=0.05


Tree=119
num_leaves=6
num_cat=0
split_feature=15 2 11 0 3
split_gain=2.57734 0.729866 4.44089e-16 2.22045e-16 5.55112e-17
threshold=4.4999999624256475 14.66022381203962 -0.21787918900291189 14350804.734341832 1088121.5000000002
decision_type=2 2 2 2 2
left_child=2 -2 -1 -3 -4
right_child=1 3 4 -5 -6
leaf_value=-0.050064090307331159 -0.050064090307330972 0.050064090307331145 -0.050064090307330882 0.050064090307331104 -0.050064090307330236
leaf_weight=1.1814102251082657 0.20457319915294636 1.1238740128464995 0.21096611162647638 0.52549740532413114 0.052421882282942533
leaf_count=924 160 879 165 411 41
internal_value=0 0.0390155 -0.0500641 0.0500641 -0.0500641
internal_weight=3.29874 1.85394 1.4448 1.64937 0.263388
internal_count=2580 1450 1130 1290 206
is_linear=0
shrinkage=0.05


Tree=120
num_leaves=9
num_cat=0
split_feature=15 2 0 2 0 0 3 3
split_gain=2.45148 0.694225 2.22045e-16 2.22045e-16 1.11022e-16 2.77556e-17 2.77556e-17 2.77556e-17
threshold=4.4999999624256475 14.66022381203962 11940495.488766808 10.767119137469029 23947360.4195356 975000.00000000012 612138.50000000012 438204.50000000006
decision_type=2 2 2 2 2 2 2 2
left_child=3 5 -3 6 -4 -2 7 -1
right_child=1 2 4 -5 -6 -7 -8 -9
leaf_value=-0.050060964217607189 -0.050060964217607376 0.050060964217607806 0.050060964217607751 -0.050060964217607806 0.05006096421760714 -0.050060964217607355 -0.050060964217607355 -0.050060964217606134
leaf_weight=0.10095284739509258 0.093655051197856554 0.96209279866889097 0.53638802049681544 1.1445377035997806 0.070545363239943981 0.10095284739509225 0.099736548028886318 0.029191184788942337
leaf_count=83 77 791 441 941 58 83 82 24
internal_value=0 0.039013 0.050061 -0.050061 0.050061 -0.050061 -0.050061 -0.050061
internal_weight=3.13805 1.76363 1.56903 1.37442 0.606933 0.194608 0.229881 0.130144
internal_count=2580 1450 1290 1130 499 160 189 107
is_linear=0
shrinkage=0.05


Tree=121
num_leaves=5
num_cat=0
split_feature=15 2 3 0
split_gain=2.33178 0.660327 2.22045e-16 2.77556e-17
threshold=4.4999999624256475 14.66022381203962 5505.6668467945956 1750000.0000000002
decision_type=2 2 2 2
left_child=2 3 -1 -2
right_child=1 -3 -4 -5
leaf_value=-0.050057988987976733 -0.050057988987977899 0.05005798898797819 -0.050057988987978176 -0.05005798898797708
leaf_weight=0.045124823693186378 0.14115970488637675 1.4925903221592305 1.2623380166478453 0.0439677769318223
leaf_count=39 122 1290 1091 38
internal_value=0 0.0390107 -0.050058 -0.050058
internal_weight=2.98518 1.67772 1.30746 0.185127
internal_count=2580 1450 1130 160
is_linear=0
shrinkage=0.05


Tree=122
num_leaves=6
num_cat=0
split_feature=15 2 11 0 0
split_gain=2.21793 0.628087 4.44089e-16 2.22045e-16 2.77556e-17
threshold=4.4999999624256475 14.66022381203962 -0.047621377284678752 9485278.8700308837 1750000.0000000002
decision_type=2 2 2 2 2
left_child=2 4 -1 -3 -2
right_child=1 3 -4 -5 -6
leaf_value=-0.050055157466369508 -0.050055157466369217 0.050055157466369495 -0.050055157466369238 0.050055157466369474 -0.05005515746636835
leaf_weight=1.0247308899415655 0.13428267301060248 0.74075605685356982 0.21903485187795046 0.6791181085864082 0.041825750609859824
leaf_count=931 122 673 199 617 38
internal_value=0 0.0390085 -0.0500552 0.0500552 -0.0500552
internal_weight=2.83975 1.59598 1.24377 1.41987 0.176108
internal_count=2580 1450 1130 1290 160
is_linear=0
shrinkage=0.05


Tree=123
num_leaves=7
num_cat=0
split_feature=15 2 3 3 3 3
split_gain=2.10964 0.597421 2.22045e-16 1.38778e-17 1.38778e-17 6.93889e-18
threshold=4.4999999624256475 14.66022381203962 67320.500000000015 49950.500000000007 18593.167948764381 4945.1511391355543
decision_type=2 2 2 2 2 2
left_child=2 -2 3 4 5 -1
right_child=1 -3 -4 -5 -6 -7
leaf_value=-0.050052462128812231 -0.050052462128813639 0.050052462128813868 -0.050052462128813861 -0.050052462128812453 -0.050052462128812064 -0.050052462128811516
leaf_weight=0.039787970716134047 0.16752829775214184 1.3506969006266443 1.0606635351432485 0.034552711411379278 0.027223348384723067 0.020941037219017744
leaf_count=38 160 1290 1013 33 26 20
internal_value=0 0.0390064 -0.0500525 -0.0500525 -0.0500525 -0.0500525
internal_weight=2.70139 1.51823 1.18317 0.122505 0.0879524 0.060729
internal_count=2580 1450 1130 117 84 58
is_linear=0
shrinkage=0.05


Tree=124
num_leaves=6
num_cat=0
split_feature=15 2 0 0 3
split_gain=2.00665 0.568255 2.22045e-16 1.11022e-16 2.77556e-17
threshold=4.4999999624256475 14.66022381203962 14410202.129303509 14251634.683344994 335791.03660398576
decision_type=2 2 2 2 2
left_child=-1 4 3 -3 -2
right_child=1 2 -4 -5 -6
leaf_value=-0.05004990131939574 -0.050049901319395296 0.050049901319395754 0.050049901319395677 0.0500499013193937 -0.050049901319395088
leaf_weight=1.1255209310911598 0.088647223776206263 0.8635634046513585 0.39741845265962183 0.023904869332909584 0.070718571776524186
leaf_count=1130 89 867 399 24 71
internal_value=0 0.0390044 0.0500499 0.0500499 -0.0500499
internal_weight=2.56977 1.44425 1.28489 0.887468 0.159366
internal_count=2580 1450 1290 891 160
is_linear=0
shrinkage=0.05


Tree=125
num_leaves=6
num_cat=0
split_feature=15 2 0 0 3
split_gain=1.90869 0.540514 2.22045e-16 2.77556e-17 2.77556e-17
threshold=4.4999999624256475 14.66022381203962 182695.16387365622 89124.316257168481 882229.50000000012
decision_type=2 2 2 2 2
left_child=-1 4 3 -3 -2
right_child=1 2 -4 -5 -6
leaf_value=-0.050047462850766444 -0.05004746285076616 0.050047462850766271 0.050047462850766458 0.050047462850764682 -0.050047462850764203
leaf_weight=1.0706794692669066 0.12980804184917349 0.1913957989308982 1.0034066884545607 0.027477614698000252 0.02179259096737951
leaf_count=1130 137 202 1059 29 23
internal_value=0 0.0390025 0.0500475 0.0500475 -0.0500475
internal_weight=2.44456 1.37388 1.22228 0.218873 0.151601
internal_count=2580 1450 1290 231 160
is_linear=0
shrinkage=0.05


Tree=126
num_leaves=7
num_cat=0
split_feature=15 2 2 4 4 4
split_gain=1.81552 0.514128 2.22045e-16 2.22045e-16 2.77556e-17 2.77556e-17
threshold=4.4999999624256475 14.66022381203962 15.085236806664382 9.8807715054350833 1077.4472836919488 62.370954724436004
decision_type=2 2 2 2 2 2
left_child=3 -2 -3 -1 5 -5
right_child=1 2 -4 4 -6 -7
leaf_value=-0.050045150713877176 -0.05004515071387694 0.050045150713876711 0.050045150713877211 -0.050045150713876885 -0.050045150713875268 -0.05004515071387599
leaf_weight=0.81480618799105309 0.14421348460018624 0.082021419366355874 1.0806998002226462 0.13880547892767936 0.025237359805032611 0.039658708265051246
leaf_count=904 160 91 1199 154 28 44
internal_value=0 0.0390007 0.0500452 -0.0500452 -0.0500452 -0.0500452
internal_weight=2.32544 1.30693 1.16272 1.01851 0.203702 0.178464
internal_count=2580 1450 1290 1130 226 198
is_linear=0
shrinkage=0.05


Tree=127
num_leaves=11
num_cat=0
split_feature=15 2 0 0 3 3 3 3 4 1
split_gain=1.72689 0.489032 4.44089e-16 2.22045e-16 1.11022e-16 1.11022e-16 2.22045e-16 1.11022e-16 2.77556e-17 1.38778e-17
threshold=4.4999999624256475 14.66022381203962 -1.0000000180025095e-35 18958797.04825427 1712726.0000000002 1488092.5000000002 1349637.4009034054 1219497.072896519 0.95056777807267323 50577651.421757914
decision_type=2 2 2 2 2 2 2 2 2 2
left_child=4 8 9 -4 5 6 7 -1 -2 -3
right_child=1 2 3 -5 -6 -7 -8 -9 -10 -11
leaf_value=-0.050042942288429128 -0.050042942288427844 0.050042942288428295 0.050042942288429162 0.05004294228842894 -0.050042942288428684 -0.050042942288427442 -0.050042942288426963 -0.050042942288427629 -0.050042942288428732 0.050042942288427886
leaf_weight=0.79053434717934612 0.032581675914116093 0.048872513871174195 0.8368346234783528 0.18262886762386188 0.096030202694237232 0.028294613293837756 0.022292725625447929 0.031724263390060514 0.10460432793479413 0.037726151058450341
leaf_count=922 38 57 976 213 112 33 26 37 122 44
internal_value=0 0.038999 0.0500429 0.0500429 -0.0500429 -0.0500429 -0.0500429 -0.0500429 -0.0500429 0.0500429
internal_weight=2.21212 1.24325 1.10606 1.01946 0.968876 0.872846 0.844551 0.822259 0.137186 0.0865987
internal_count=2580 1450 1290 1189 1130 1018 985 959 160 101
is_linear=0
shrinkage=0.05


Tree=128
num_leaves=7
num_cat=0
split_feature=15 2 0 0 0 0
split_gain=1.6426 0.465162 2.22045e-16 1.11022e-16 1.38778e-17 1.38778e-17
threshold=4.4999999624256475 14.66022381203962 19295013.421386007 349966.20868443185 31659578.571572702 24142008.23320223
decision_type=2 2 2 2 2 2
left_child=3 -2 -3 -1 5 -4
right_child=1 2 4 -5 -6 -7
leaf_value=-0.050040849518694232 -0.050040849518693989 0.050040849518694287 0.050040849518693656 -0.050040849518694086 0.050040849518692143 0.050040849518691671
leaf_weight=0.71612254192587022 0.13050069101154793 0.93634245800785698 0.074222268012817949 0.20553858834318817 0.022837620927020907 0.018759474332910031
leaf_count=878 160 1148 91 252 28 23
internal_value=0 0.0389974 0.0500408 -0.0500408 0.0500408 0.0500408
internal_weight=2.10432 1.18266 1.05216 0.921661 0.115819 0.0929817
internal_count=2580 1450 1290 1130 142 114
is_linear=0
shrinkage=0.05


Tree=129
num_leaves=4
num_cat=0
split_feature=15 2 0
split_gain=1.56243 0.442457 1.38778e-17
threshold=4.4999999624256475 14.66022381203962 1750000.0000000002
decision_type=2 2 2
left_child=-1 2 -2
right_child=1 -3 -4
leaf_value=-0.050038853582984467 -0.050038853582984079 0.050038853582984502 -0.050038853582982851
leaf_weight=0.8767452614847574 0.094657453009858616 1.0008861834648994 0.029483468970283866
leaf_count=1130 122 1290 38
internal_value=0 0.0389958 -0.0500389
internal_weight=2.00177 1.12503 0.124141
internal_count=2580 1450 160
is_linear=0
shrinkage=0.05


Tree=130
num_leaves=9
num_cat=0
split_feature=15 2 0 0 3 11 3 4
split_gain=1.48617 0.420862 1.11022e-16 1.11022e-16 1.11022e-16 2.77556e-17 1.38778e-17 1.38778e-17
threshold=4.4999999624256475 14.66022381203962 444908.91328899178 31639166.968322512 1219497.072896519 -0.9259589752434717 483122.00000000006 9.8807715054350833
decision_type=2 2 2 2 2 2 2 2
left_child=2 6 4 -3 -1 -6 7 -2
right_child=1 3 -4 -5 5 -7 -8 -9
leaf_value=-0.050036960044429236 -0.05003696004442873 0.050036960044429292 -0.050036960044429014 0.050036960044427085 -0.050036960044428917 -0.050036960044426926 -0.050036960044427772 -0.050036960044427162
leaf_weight=0.5439560006489047 0.063473834539763407 0.92996548279188573 0.15204197575803846 0.022142035304568708 0.11735278711421415 0.020665899617597461 0.031736917269881815 0.022880103148054332
leaf_count=737 86 1260 206 30 159 28 43 31
internal_value=0 0.0389943 -0.050037 0.050037 -0.050037 -0.050037 -0.050037 -0.050037
internal_weight=1.90422 1.0702 0.834017 0.952108 0.681975 0.138019 0.118091 0.0863539
internal_count=2580 1450 1130 1290 924 187 160 117
is_linear=0
shrinkage=0.05


Tree=131
num_leaves=6
num_cat=0
split_feature=15 2 0 3 3
split_gain=1.41364 0.400322 1.11022e-16 1.11022e-16 1.38778e-17
threshold=4.4999999624256475 14.66022381203962 31548787.689380009 11023.492882826804 612138.50000000012
decision_type=2 2 2 2 2
left_child=3 4 -3 -1 -2
right_child=1 2 -4 -5 -6
leaf_value=-0.050035151928873291 -0.050035151928874616 0.050035151928874991 0.050035151928873228 -0.050035151928874977 -0.050035151928872895
leaf_weight=0.031594345055054984 0.08916626271093242 0.87832279253052548 0.02738176571438089 0.76177476410521194 0.023169186373706907
leaf_count=45 127 1251 39 1085 33
internal_value=0 0.0389929 0.0500352 -0.0500352 -0.0500352
internal_weight=1.81141 1.01804 0.905705 0.793369 0.112335
internal_count=2580 1450 1290 1130 160
is_linear=0
shrinkage=0.05


Tree=132
num_leaves=7
num_cat=0
split_feature=15 2 0 0 2 3
split_gain=1.34464 0.380784 1.11022e-16 1.11022e-16 1.11022e-16 2.77556e-17
threshold=4.4999999624256475 14.66022381203962 23548.757796258498 31485797.688957732 16.040314304764102 432284.00000000006
decision_type=2 2 2 2 2 2
left_child=2 5 -1 4 -3 -2
right_child=1 3 -4 -5 -6 -7
leaf_value=-0.050033440697406839 -0.050033440697406499 0.050033440697406999 -0.05003344069740711 0.050033440697405521 0.050033440697407096 -0.050033440697405722
leaf_weight=0.14559723052661866 0.07279861526330933 0.26715088170021772 0.60910401027649641 0.030054474191274494 0.56435623759170994 0.03406173741677776
leaf_count=218 109 400 912 45 845 51
internal_value=0 0.0389916 -0.0500334 0.0500334 0.0500334 -0.0500334
internal_weight=1.72312 0.968422 0.754701 0.861562 0.831507 0.10686
internal_count=2580 1450 1130 1290 1245 160
is_linear=0
shrinkage=0.05


Tree=133
num_leaves=7
num_cat=0
split_feature=15 2 0 0 3 3
split_gain=1.27902 0.362201 1.11022e-16 1.11022e-16 1.11022e-16 1.38778e-17
threshold=4.4999999624256475 14.66022381203962 246852.42001051226 23730309.499263491 493438.00000000006 695280.00000000012
decision_type=2 2 2 2 2 2
left_child=2 5 4 -3 -1 -2
right_child=1 3 -4 -5 -6 -7
leaf_value=-0.050031810036909347 -0.05003181003690893 0.050031810036909478 -0.050031810036909277 0.050031810036908854 -0.050031810036909354 -0.050031810036906911
leaf_weight=0.26048309751786292 0.082592201652005315 0.74714176263660192 0.18678544065915048 0.072427007602527738 0.27064829156734049 0.019059738842770457
leaf_count=410 130 1176 294 114 426 30
internal_value=0 0.0389903 -0.0500318 0.0500318 -0.0500318 -0.0500318
internal_weight=1.63914 0.921221 0.717917 0.819569 0.531131 0.101652
internal_count=2580 1450 1130 1290 836 160
is_linear=0
shrinkage=0.05


Tree=134
num_leaves=7
num_cat=0
split_feature=15 2 0 0 3 3
split_gain=1.21661 0.344525 1.11022e-16 1.11022e-16 2.77556e-17 1.38778e-17
threshold=4.4999999624256475 14.66022381203962 292675.33058332081 24142008.23320223 828554.1147261447 913624.13323180575
decision_type=2 2 2 2 2 2
left_child=2 5 -1 -3 -4 -2
right_child=1 3 4 -5 -6 -7
leaf_value=-0.050030256808696841 -0.050030256808696341 0.050030256808696875 -0.050030256808696549 0.050030256808695307 -0.050030256808695529 -0.050030256808692997
leaf_weight=0.51733022974804044 0.084005726559553295 0.74879924609558657 0.12993691518204287 0.030822244996670634 0.035657106956932694 0.012691512645687908
leaf_count=856 139 1239 215 51 59 21
internal_value=0 0.0389891 -0.0500303 0.0500303 -0.0500303 -0.0500303
internal_weight=1.55924 0.876319 0.682924 0.779621 0.165594 0.0966972
internal_count=2580 1450 1130 1290 274 160
is_linear=0
shrinkage=0.05


Tree=135
num_leaves=4
num_cat=0
split_feature=15 2 0
split_gain=1.15724 0.327713 2.22045e-16
threshold=4.4999999624256475 14.66022381203962 31548787.689380009
decision_type=2 2 2
left_child=-1 -2 -3
right_child=1 2 -4
leaf_value=-0.050028779864361467 -0.050028779864360995 0.050028779864361474 0.050028779864359309
leaf_weight=0.6496363558107987 0.091983908787369728 0.71919918683124706 0.022421077766921371
leaf_count=1130 160 1251 39
internal_value=0 0.0389879 0.0500288
internal_weight=1.48324 0.833604 0.74162
internal_count=2580 1450 1290
is_linear=0
shrinkage=0.05


Tree=136
num_leaves=10
num_cat=0
split_feature=15 2 0 0 0 3 3 3 3
split_gain=1.10076 0.311721 1.11022e-16 1.11022e-16 1.11022e-16 1.38778e-17 1.38778e-17 6.93889e-18 6.93889e-18
threshold=4.4999999624256475 14.66022381203962 775000.00000000012 31588702.462338831 23730309.499263491 695280.00000000012 230222.50000000003 940075.50000000012 442707.50000000006
decision_type=2 2 2 2 2 2 2 2 2
left_child=2 5 -1 4 -3 6 -2 -4 -8
right_child=1 3 7 -5 -6 -7 8 -9 -10
leaf_value=-0.050027375500544757 -0.050027375500543564 0.050027375500544771 -0.050027375500543814 0.050027375500542315 0.050027375500543682 -0.050027375500541808 -0.050027375500542509 -0.050027375500540289 -0.050027375500540289
leaf_weight=0.5589075016323477 0.038828211952932179 0.64312644023448229 0.048125107772648335 0.019687544088810682 0.042656345525756478 0.016406286740675569 0.021328172762878239 0.010937524493783712 0.010937524493783712
leaf_count=1022 71 1176 88 36 78 30 39 20 20
internal_value=0 0.0389869 -0.0500274 0.0500274 0.0500274 -0.0500274 -0.0500274 -0.0500274 -0.0500274
internal_weight=1.41094 0.792971 0.61797 0.70547 0.685783 0.0875002 0.0710939 0.0590626 0.0322657
internal_count=2580 1450 1130 1290 1254 160 130 108 59
is_linear=0
shrinkage=0.05


Tree=137
num_leaves=6
num_cat=0
split_feature=15 2 0 3 3
split_gain=1.04705 0.29651 1.11022e-16 1.38778e-17 1.38778e-17
threshold=4.4999999624256475 14.66022381203962 31588702.462338831 940075.50000000012 560709.00000000012
decision_type=2 2 2 2 2
left_child=-1 3 -3 4 -2
right_child=1 2 -4 -5 -6
leaf_value=-0.050026036998720561 -0.050026036998719839 0.050026036998720574 0.050026036998717972 -0.050026036998715842 -0.050026036998716064
leaf_weight=0.58784665656276047 0.061905975337140262 0.65235372330062091 0.018727858085185289 0.010404365602880716 0.010924583883024752
leaf_count=1130 119 1254 36 20 21
internal_value=0 0.0389858 0.050026 -0.050026 -0.050026
internal_weight=1.34216 0.754317 0.671082 0.0832349 0.0728306
internal_count=2580 1450 1290 160 140
is_linear=0
shrinkage=0.05


Tree=138
num_leaves=7
num_cat=0
split_feature=15 2 0 3 3 4
split_gain=0.99596 0.282042 1.11022e-16 1.38778e-17 6.93889e-18 6.93889e-18
threshold=4.4999999624256475 14.66022381203962 975000.00000000012 329982.00000000006 868323.00000000012 2.8103600794381465
decision_type=2 2 2 2 2 2
left_child=2 3 -1 5 -5 -2
right_child=1 -3 -4 4 -6 -7
leaf_value=-0.050024771761039227 -0.050024771761034259 0.050024771761039234 -0.05002477176103768 -0.050024771761037215 -0.050024771761035106 -0.050024771761037826
leaf_weight=0.52850960567593575 0.0098971836268901825 0.63836834393441677 0.030681269243359566 0.023753240704536438 0.011876620352268219 0.03365042433142662
leaf_count=1068 20 1290 62 48 24 68
internal_value=0 0.0389848 -0.0500248 -0.0500248 -0.0500248 -0.0500248
internal_weight=1.27674 0.717546 0.559191 0.0791775 0.0356299 0.0435476
internal_count=2580 1450 1130 160 72 88
is_linear=0
shrinkage=0.05


Tree=139
num_leaves=6
num_cat=0
split_feature=15 2 0 0 2
split_gain=0.947363 0.26828 1.11022e-16 1.11022e-16 6.93889e-18
threshold=4.4999999624256475 14.66022381203962 31621570.366124626 23649091.304707762 16.983957202213904
decision_type=2 2 2 2 2
left_child=-1 -2 3 -3 -5
right_child=1 2 -4 4 -6
leaf_value=-0.05002355889780085 -0.050023558897800281 0.05002355889780085 0.050023558897797728 0.050023558897799004 0.050023558897798151
leaf_weight=0.53193135769106448 0.075317714363336563 0.5479363719932735 0.015534278587438166 0.025890464312396944 0.017887957161292434
leaf_count=1130 160 1164 33 55 38
internal_value=0 0.0389839 0.0500236 0.0500236 0.0500236
internal_weight=1.2145 0.682567 0.607249 0.591715 0.0437784
internal_count=2580 1450 1290 1257 93
is_linear=0
shrinkage=0.05


Tree=140
num_leaves=4
num_cat=0
split_feature=15 2 0
split_gain=0.901138 0.25519 1.11022e-16
threshold=4.4999999624256475 14.66022381203962 31639166.968322512
decision_type=2 2 2
left_child=-1 -2 -3
right_child=1 2 -4
leaf_value=-0.050022410175363421 -0.050022410175362825 0.050022410175363435 0.050022410175359799
leaf_weight=0.50600009388290346 0.071646030992269516 0.56421249406412244 0.013433630811050534
leaf_count=1130 160 1260 30
internal_value=0 0.038983 0.0500224
internal_weight=1.15529 0.649292 0.577646
internal_count=2580 1450 1290
is_linear=0
shrinkage=0.05


Tree=141
num_leaves=6
num_cat=0
split_feature=15 2 0 3 0
split_gain=0.85717 0.242738 1.11022e-16 1.11022e-16 1.38778e-17
threshold=4.4999999624256475 14.66022381203962 31349607.338254195 604977.00000000012 1750000.0000000002
decision_type=2 2 2 2 2
left_child=3 4 -3 -1 -2
right_child=1 2 -4 -5 -6
leaf_value=-0.050021317588198957 -0.050021317588198166 0.050021317588199034 0.050021317588196695 -0.050021317588198881 -0.05002131758819605
leaf_weight=0.28113221400417387 0.051966863800771534 0.52903971180785447 0.020445979200303555 0.2002002130029723 0.016186400200240314
leaf_count=660 122 1242 48 470 38
internal_value=0 0.0389821 0.0500213 -0.0500213 -0.0500213
internal_weight=1.09897 0.617639 0.549486 0.481332 0.0681533
internal_count=2580 1450 1290 1130 160
is_linear=0
shrinkage=0.05


Tree=142
num_leaves=6
num_cat=0
split_feature=15 2 0 0 3
split_gain=0.815348 0.230895 1.11022e-16 5.55112e-17 5.55112e-17
threshold=4.4999999624256475 14.66022381203962 31659578.571572702 292675.33058332081 1235126.0539602013
decision_type=2 2 2 2 2
left_child=3 -2 -3 4 -1
right_child=1 2 -4 -5 -6
leaf_value=-0.050020276839553783 -0.050020276839553193 0.050020276839553859 0.05002027683954955 -0.050020276839553512 -0.05002027683955327
leaf_weight=0.27390973083674908 0.064830705523490906 0.51135218981653452 0.011345373466610909 0.11102258320897818 0.072934543713927269
leaf_count=676 160 1262 28 274 180
internal_value=0 0.0389813 0.0500203 -0.0500203 -0.0500203
internal_weight=1.0454 0.587528 0.522698 0.457867 0.346844
internal_count=2580 1450 1290 1130 856
is_linear=0
shrinkage=0.05


Tree=143
num_leaves=5
num_cat=0
split_feature=15 2 0 3
split_gain=0.775567 0.21963 5.55112e-17 6.93889e-18
threshold=4.4999999624256475 14.66022381203962 31659578.571572702 732677.50000000012
decision_type=2 2 2 2
left_child=-1 3 -3 -2
right_child=1 2 -4 -5
leaf_value=-0.050019288642127048 -0.050019288642126195 0.050019288642127062 0.050019288642122531 -0.050019288642122364
leaf_weight=0.43554481380851939 0.051263239147374406 0.48642261506756768 0.010792260873131454 0.010406822984805331
leaf_count=1130 133 1262 28 27
internal_value=0 0.0389805 0.0500193 -0.0500193
internal_weight=0.99443 0.558885 0.497215 0.0616701
internal_count=2580 1450 1290 160
is_linear=0
shrinkage=0.05


Tree=144
num_leaves=7
num_cat=0
split_feature=15 2 0 3 0 3
split_gain=0.737728 0.208914 1.11022e-16 1.11022e-16 2.77556e-17 6.93889e-18
threshold=4.4999999624256475 14.66022381203962 5976891.0351072969 335791.03660398576 5812478.1647515008 913624.13323180575
decision_type=2 2 2 2 2 2
left_child=3 5 4 -1 -3 -2
right_child=1 2 -4 -5 -6 -7
leaf_value=-0.050018344354895578 -0.050018344354894897 0.050018344354895605 0.050018344354895689 -0.050018344354895675 0.050018344354894065 -0.050018344354889388
leaf_weight=0.16205779399024323 0.050963876390596852 0.18808970207464881 0.25738590810215101 0.25225285580381751 0.027498494455358014 0.0076995784475002429
leaf_count=442 139 513 702 688 75 21
internal_value=0 0.0389798 0.0500183 -0.0500183 0.0500183 -0.0500183
internal_weight=0.945948 0.531638 0.472974 0.414311 0.215588 0.0586635
internal_count=2580 1450 1290 1130 588 160
is_linear=0
shrinkage=0.05


Tree=145
num_leaves=11
num_cat=0
split_feature=15 2 0 0 0 0 3 0 3 3
split_gain=0.701736 0.198722 1.11022e-16 5.55112e-17 5.55112e-17 5.55112e-17 1.38778e-17 6.93889e-18 3.46945e-18 3.46945e-18
threshold=4.4999999624256475 14.66022381203962 -40381.977825965732 1250000.0000000002 40432.194163104861 31548787.689380009 1088121.5000000002 975000.00000000012 357968.50000000006 1488092.5000000002
decision_type=2 2 2 2 2 2 2 2 2 2
left_child=3 7 -3 4 6 -4 -1 8 -2 -8
right_child=1 2 5 -5 -6 -7 9 -9 -10 -11
leaf_value=-0.050017448724448479 -0.050017448724446092 0.050017448724447279 0.050017448724448889 -0.05001744872444467 -0.050017448724448826 0.050017448724445336 -0.050017448724445239 -0.050017448724447279 -0.050017448724443893 -0.050017448724446092
leaf_weight=0.093819427886046469 0.017089784261770546 0.028948001912795007 0.40736465342342854 0.011509446543641388 0.25843939057085663 0.013602073187939823 0.01325330208055675 0.028948001912795007 0.0097655910067260265 0.017089784261770546
leaf_count=269 49 83 1168 33 741 39 38 83 28 49
internal_value=0 0.0389791 0.0500174 -0.0500174 -0.0500174 0.0500174 -0.0500174 -0.0500174 -0.0500174 -0.0500174
internal_weight=0.899829 0.505718 0.449915 0.394111 0.382602 0.420967 0.124163 0.0558034 0.0268554 0.0303431
internal_count=2580 1450 1290 1130 1097 1207 356 160 77 87
is_linear=0
shrinkage=0.05


Tree=146
num_leaves=8
num_cat=0
split_feature=15 2 0 0 0 0 3
split_gain=0.6675 0.189027 1.11022e-16 5.55112e-17 6.93889e-18 6.93889e-18 6.93889e-18
threshold=4.4999999624256475 14.66022381203962 19295013.421386007 349966.20868443185 23747400.459630352 31659578.571572702 442707.50000000006
decision_type=2 2 2 2 2 2 2
left_child=3 6 -3 -1 -4 -6 -2
right_child=1 2 4 -5 5 -7 -8
leaf_value=-0.050016597332741788 -0.050016597332740588 0.05001659733274183 0.050016597332737105 -0.050016597332741365 0.050016597332740144 0.050016597332736584 -0.050016597332738943
leaf_weight=0.29129129007924348 0.036494352971203625 0.38086833828128874 0.010284772200975567 0.083605244988575578 0.027536648150999099 0.0092894716653972864 0.016588342259638011
leaf_count=878 110 1148 31 252 83 28 50
internal_value=0 0.0389785 0.0500166 -0.0500166 0.0500166 0.0500166 -0.0500166
internal_weight=0.855958 0.481062 0.427979 0.374897 0.0471109 0.0368261 0.0530827
internal_count=2580 1450 1290 1130 142 111 160
is_linear=0
shrinkage=0.05


Tree=147
num_leaves=7
num_cat=0
split_feature=15 2 0 0 3 3
split_gain=0.634935 0.179805 1.11022e-16 5.55112e-17 6.93889e-18 6.93889e-18
threshold=4.4999999624256475 14.66022381203962 14778.408039626953 24002816.629152801 1106501.5000000002 105589.00000000001
decision_type=2 2 2 2 2 2
left_child=2 5 4 -3 -1 -2
right_child=1 3 -4 -5 -6 -7
leaf_value=-0.050015788060776001 -0.050015788060772753 0.050015788060776903 -0.050015788060776861 0.050015788060774093 -0.050015788060772753 -0.050015788060775737
leaf_weight=0.048916662781266496 0.011676880792947486 0.39007093675900251 0.29602470766985789 0.017041934130247682 0.011676880792947486 0.038817738852230832
leaf_count=155 37 1236 938 54 37 123
internal_value=0 0.0389778 -0.0500158 0.0500158 -0.0500158 -0.0500158
internal_weight=0.814226 0.457607 0.356618 0.407113 0.0605935 0.0504946
internal_count=2580 1450 1130 1290 192 160
is_linear=0
shrinkage=0.05


Tree=148
num_leaves=10
num_cat=0
split_feature=15 2 0 0 0 0 0 3 3
split_gain=0.60396 0.171033 5.55112e-17 5.55112e-17 6.93889e-18 6.93889e-18 6.93889e-18 3.46945e-18 1.73472e-18
threshold=4.4999999624256475 14.66022381203962 444908.91328899178 31639166.968322512 1750000.0000000002 975000.00000000012 775000.00000000012 682622.00000000012 682622.00000000012
decision_type=2 2 2 2 2 2 2 2 2
left_child=2 4 -1 -3 -2 6 7 -4 -8
right_child=1 3 5 -5 -6 -7 8 -9 -10
leaf_value=-0.050015021898816306 -0.050015021898815119 0.050015021898816348 -0.050015021898814072 0.050015021898810935 -0.050015021898812108 -0.050015021898813794 -0.050015021898810075 -0.050015021898810741 -0.05001502189880816
leaf_weight=0.27738876768853515 0.036624923872295767 0.37825741048436612 0.020714096288429573 0.0090061288210563362 0.011407763173338026 0.018612666230183095 0.0078053116449154913 0.008705924527021125 0.0060040858807042241
leaf_count=924 122 1260 69 30 38 62 26 29 20
internal_value=0 0.0389772 -0.050015 0.050015 -0.050015 -0.050015 -0.050015 -0.050015 -0.050015
internal_weight=0.774527 0.435296 0.339231 0.387264 0.0480327 0.0618421 0.0432294 0.02942 0.0138094
internal_count=2580 1450 1130 1290 160 206 144 98 46
is_linear=0
shrinkage=0.05


Tree=149
num_leaves=8
num_cat=0
split_feature=15 2 0 0 1 3 3
split_gain=0.574495 0.162689 5.55112e-17 5.55112e-17 5.55112e-17 5.55112e-17 6.93889e-18
threshold=4.4999999624256475 14.66022381203962 975000.00000000012 31548787.689380009 781273.4639347326 7286.2899962788151 560709.00000000012
decision_type=2 2 2 2 2 2 2
left_child=2 6 5 4 -3 -1 -2
right_child=1 3 -4 -5 -6 -7 -8
leaf_value=-0.050014283507075222 -0.050014283507078018 0.050014283507079295 -0.050014283507076665 0.050014283507075 0.05001428350707892 -0.050014283507079316 -0.050014283507075222
leaf_weight=0.011708257254213095 0.033982502762228251 0.26957548409700394 0.017705169506371021 0.011137122754007578 0.087669145781546831 0.29327756585553288 0.011708257254213095
leaf_count=41 119 944 62 39 307 1027 41
internal_value=0 0.0389766 -0.0500143 0.0500143 0.0500143 -0.0500143 -0.0500143
internal_weight=0.736764 0.414073 0.322691 0.368382 0.357245 0.304986 0.0456908
internal_count=2580 1450 1130 1290 1251 1068 160
is_linear=0
shrinkage=0.05


Tree=150
num_leaves=8
num_cat=0
split_feature=15 2 0 0 0 3 0
split_gain=0.546469 0.154752 5.55112e-17 5.55112e-17 5.55112e-17 5.55112e-17 6.93889e-18
threshold=4.4999999624256475 14.66022381203962 1250000.0000000002 31621570.366124626 23885868.135745354 3392166.0000000005 1750000.0000000002
decision_type=2 2 2 2 2 2 2
left_child=2 6 5 4 -3 -1 -2
right_child=1 3 -4 -5 -6 -7 -8
leaf_value=-0.050013590675842656 -0.050013590675841324 0.050013590675842684 -0.050013590675837251 0.050013590675837251 0.050013590675837251 -0.050013590675835475 -0.050013590675837986
leaf_weight=0.29120200080797076 0.033140526211354882 0.3324918367434293 0.0089642406965140253 0.0089642406965140253 0.0089642406965140253 0.0067910914367530486 0.010322458983864635
leaf_count=1072 122 1224 33 33 33 25 38
internal_value=0 0.0389761 -0.0500136 0.0500136 0.0500136 -0.0500136 -0.0500136
internal_weight=0.700841 0.393883 0.306957 0.35042 0.341456 0.297993 0.043463
internal_count=2580 1450 1130 1290 1257 1097 160
is_linear=0
shrinkage=0.05


Tree=151
num_leaves=9
num_cat=0
split_feature=15 2 0 0 0 0 0 0
split_gain=0.519811 0.147203 5.55112e-17 5.55112e-17 5.55112e-17 5.55112e-17 1.38778e-17 6.93889e-18
threshold=4.4999999624256475 14.66022381203962 1250000.0000000002 775000.00000000012 31485797.688957732 17812208.578693654 23860838.772683751 1750000.0000000002
decision_type=2 2 2 2 2 2 2 2
left_child=2 7 3 -1 5 -3 -7 -2
right_child=1 4 -4 -5 -6 6 -8 -9
leaf_value=-0.050012930091679564 -0.050012930091678176 0.050012930091679564 -0.050012930091673895 -0.050012930091677177 0.050012930091675456 0.050012930091678946 0.050012930091672028 -0.050012930091674672
leaf_weight=0.26408353901933879 0.031524649471975863 0.25348918960662559 0.0085271592834033072 0.019379907462280244 0.011627944477368146 0.061757305113133043 0.0064599691540934137 0.0098191531142219901
leaf_count=1022 122 981 33 75 45 239 25 38
internal_value=0 0.0389756 -0.0500129 -0.0500129 0.0500129 0.0500129 0.0500129 -0.0500129
internal_weight=0.666669 0.374678 0.291991 0.283463 0.333334 0.321706 0.0682173 0.0413438
internal_count=2580 1450 1130 1097 1290 1245 264 160
is_linear=0
shrinkage=0.05


Tree=152
num_leaves=13
num_cat=0
split_feature=15 2 0 0 2 2 3 2 3 3 3 3
split_gain=0.494453 0.140022 5.55112e-17 5.55112e-17 2.77556e-17 2.77556e-17 1.38778e-17 6.93889e-18 6.93889e-18 3.46945e-18 1.73472e-18 1.73472e-18
threshold=4.4999999624256475 14.66022381203962 246852.42001051226 31511322.763726432 16.521656579482386 11.604095409991514 1219497.072896519 15.667160691766222 778082.00000000012 533847.50000000012 170.00000000000003 828554.1147261447
decision_type=2 2 2 2 2 2 2 2 2 2 2 2
left_child=2 8 4 -3 5 -1 -4 9 -2 -7 -5 -6
right_child=1 3 6 10 11 7 -8 -9 -10 -11 -12 -13
leaf_value=-0.050012296332010313 -0.050012296332009154 0.050012296332010514 -0.050012296332009924 0.050012296332001431 -0.050012296332005594 -0.050012296332007225 -0.05001229633200286 -0.050012296332009133 -0.05001229633200286 -0.050012296332004519 0.050012296332000494 -0.050012296332000494
leaf_weight=0.13568134792149067 0.032937138807028532 0.30675783008337021 0.065874277614057064 0.0054075899533927441 0.0098319817334413528 0.014502173056825995 0.0063907881267368785 0.032445539720356464 0.0063907881267368785 0.0081113849300891161 0.0049159908667206764 0.0049159908667206773
leaf_count=552 134 1248 268 22 40 59 26 132 26 33 20 20
internal_value=0 0.0389751 -0.0500123 0.0500123 -0.0500123 -0.0500123 -0.0500123 -0.0500123 -0.0500123 -0.0500123 0.0500123 -0.0500123
internal_weight=0.634163 0.356409 0.277753 0.317081 0.205488 0.19074 0.0722651 0.0550591 0.0393279 0.0226136 0.0103236 0.014748
internal_count=2580 1450 1130 1290 836 776 294 224 160 92 42 60
is_linear=0
shrinkage=0.05


Tree=153
num_leaves=5
num_cat=0
split_feature=15 2 3 3
split_gain=0.470332 0.133191 5.55112e-17 1.73472e-18
threshold=4.4999999624256475 14.66022381203962 13785.000000000002 1769.5062076770969
decision_type=2 2 2 2
left_child=2 -2 3 -1
right_child=1 -3 -4 -5
leaf_value=-0.050011697446700469 -0.050011697446706506 0.050011697446707686 -0.050011697446707651 -0.050011697446697145
leaf_weight=0.0067806200386257842 0.037410317454487085 0.30162068447680213 0.25275345730187837 0.0046762896818108857
leaf_count=29 160 1290 1081 20
internal_value=0 0.0389746 -0.0500117 -0.0500117
internal_weight=0.603241 0.339031 0.26421 0.0114569
internal_count=2580 1450 1130 49
is_linear=0
shrinkage=0.05


Tree=154
num_leaves=9
num_cat=0
split_feature=15 2 0 0 0 0 0 3
split_gain=0.447389 0.126694 1.11022e-16 5.55112e-17 2.77556e-17 2.77556e-17 6.93889e-18 3.46945e-18
threshold=4.4999999624256475 14.66022381203962 -127542.68854641504 1250000.0000000002 349966.20868443185 246852.42001051226 1750000.0000000002 778082.00000000012
decision_type=2 2 2 2 2 2 2 2
left_child=3 6 -3 4 5 -1 7 -2
right_child=1 2 -4 -5 -6 -7 -8 -9
leaf_value=-0.05001112263139449 -0.050011122631392506 0.050011122631389973 0.050011122631394567 -0.05001112263138794 -0.050011122631393727 -0.050011122631389404 -0.050011122631388842 -0.050011122631384547
leaf_weight=0.18593785219127312 0.02224136987933889 0.010453443843289278 0.27646022760018241 0.0073396520601818329 0.04870860003575217 0.0093413753493223339 0.0084517205541487783 0.004893101373454555
leaf_count=836 100 47 1243 33 219 42 38 22
internal_value=0 0.0389742 0.0500111 -0.0500111 -0.0500111 -0.0500111 -0.0500111 -0.0500111
internal_weight=0.573827 0.3225 0.286914 0.251327 0.243988 0.195279 0.0355862 0.0271345
internal_count=2580 1450 1290 1130 1097 878 160 122
is_linear=0
shrinkage=0.05


Tree=155
num_leaves=6
num_cat=0
split_feature=15 2 0 3 3
split_gain=0.425564 0.120514 2.77556e-17 6.93889e-18 3.46945e-18
threshold=4.4999999624256475 14.66022381203962 246852.42001051226 80934.500000000015 261097.00000000003
decision_type=2 2 2 2 2
left_child=2 3 -1 -2 -5
right_child=1 -3 -4 4 -6
leaf_value=-0.050010585403052178 -0.0500105854030422 0.050010585403052282 -0.050010585403051658 -0.050010585403048091 -0.050010585403049618
leaf_weight=0.17687141668284312 0.0048660796455806113 0.27292359751299955 0.062201191991334781 0.011424708733102307 0.017560200460138731
leaf_count=836 23 1290 294 54 83
internal_value=0 0.0389738 -0.0500106 -0.0500106 -0.0500106
internal_weight=0.545847 0.306775 0.239073 0.033851 0.0289849
internal_count=2580 1450 1130 160 137
is_linear=0
shrinkage=0.05


Tree=156
num_leaves=9
num_cat=0
split_feature=15 2 1 0 0 3 3 3
split_gain=0.404805 0.114635 5.55112e-17 2.77556e-17 6.93889e-18 6.93889e-18 6.93889e-18 6.93889e-18
threshold=4.4999999624256475 14.66022381203962 912242.77477182948 246852.42001051226 775000.00000000012 732677.50000000012 72005.124689690667 622240.50000000012
decision_type=2 2 2 2 2 2 2 2
left_child=3 5 -3 -1 6 -2 -5 -8
right_child=1 2 -4 4 -6 -7 7 -9
leaf_value=-0.050010065105760317 -0.050010065105758755 0.050010065105760372 0.050010065105759761 -0.050010065105748791 -0.050010065105758318 -0.050010065105751428 -0.050010065105758367 -0.050010065105756112
leaf_weight=0.16824699885910377 0.026766568000311963 0.20145364337076899 0.058161940993159078 0.0042263002105755723 0.021735258225817233 0.0054338145564543075 0.022137763007776812 0.011068881503888406
leaf_count=836 133 1001 289 21 108 27 110 55
internal_value=0 0.0389734 0.0500101 -0.0500101 -0.0500101 -0.0500101 -0.0500101 -0.0500101
internal_weight=0.519231 0.291816 0.259616 0.227415 0.0591682 0.0322004 0.0374329 0.0332066
internal_count=2580 1450 1290 1130 294 160 186 165
is_linear=0
shrinkage=0.05


Tree=157
num_leaves=16
num_cat=0
split_feature=15 2 0 0 0 0 0 3 3 3 3 3 3 3 3
split_gain=0.385059 0.109043 2.77556e-17 2.77556e-17 2.77556e-17 2.77556e-17 6.93889e-18 3.46945e-18 3.46945e-18 3.46945e-18 3.46945e-18 3.46945e-18 1.73472e-18 1.73472e-18 1.73472e-18
threshold=4.4999999624256475 14.66022381203962 775000.00000000012 550000.00000000012 31639166.968322512 339597.37012105848 61944.24368745504 483122.00000000006 322740.00000000006 131639.50000000003 124061.00000000001 525097.00000000012 75301.000000000015 940075.50000000012 940075.50000000012
decision_type=2 2 2 2 2 2 2 2 2 2 2 2 2 2 2
left_child=2 7 3 -1 5 6 -3 8 9 12 -4 -12 -2 -9 -13
right_child=1 4 10 -5 -6 -7 -8 13 -10 -11 11 14 -14 -15 -16
leaf_value=-0.050009573876960027 -0.050009573876948411 0.050009573876958952 -0.050009573876949848 -0.050009573876950625 0.050009573876951589 0.050009573876960034 0.050009573876955794 -0.050009573876948932 -0.050009573876951589 -0.050009573876953761 -0.050009573876953761 -0.050009573876948932 -0.050009573876949848 -0.050009573876947225 -0.050009573876947225
leaf_weight=0.19048183530685492 0.0042116586701013148 0.03713917190907523 0.0047859757614787659 0.0051688538223970673 0.0057431709137745193 0.19297054270282388 0.011103463766630739 0.0044030977005604655 0.0057431709137745193 0.007657561218366026 0.007657561218366026 0.0044030977005604655 0.0047859757614787668 0.0038287806091830134 0.0038287806091830134
leaf_count=995 22 194 25 27 30 1008 58 23 30 40 40 23 25 20 20
internal_value=0 0.038973 -0.0500096 -0.0500096 0.0500096 0.0500096 0.0500096 -0.0500096 -0.0500096 -0.0500096 -0.0500096 -0.0500096 -0.0500096 -0.0500096 -0.0500096
internal_weight=0.493913 0.277587 0.216326 0.195651 0.246956 0.241213 0.0482426 0.0306302 0.0223984 0.0166552 0.0206754 0.0158894 0.00899763 0.00823188 0.00823188
internal_count=2580 1450 1130 1022 1290 1260 252 160 117 87 108 83 47 43 43
is_linear=0
shrinkage=0.05


Tree=158
num_leaves=8
num_cat=0
split_feature=15 2 0 0 3 3 3
split_gain=0.366276 0.103724 2.77556e-17 2.77556e-17 3.46945e-18 3.46945e-18 1.73472e-18
threshold=4.4999999624256475 14.66022381203962 775000.00000000012 23909488.183130559 322740.00000000006 215173.78273777119 116303.00000000001
decision_type=2 2 2 2 2 2 2
left_child=2 4 -1 -3 5 6 -2
right_child=1 3 -4 -5 -6 -7 -8
leaf_value=-0.050009105730192994 -0.050009105730186881 0.050009105730193043 -0.050009105730190719 0.050009105730188831 -0.050009105730189497 -0.050009105730180192 -0.050009105730181302
leaf_weight=0.18611038330709562 0.007830476009985432 0.2236238265177235 0.019667242071591318 0.01129045378183946 0.013293598807649687 0.0038241859583649776 0.0041883941448759296
leaf_count=1022 43 1228 108 62 73 21 23
internal_value=0 0.0389726 -0.0500091 0.0500091 -0.0500091 -0.0500091 -0.0500091
internal_weight=0.469829 0.264051 0.205778 0.234914 0.0291367 0.0158431 0.0120189
internal_count=2580 1450 1130 1290 160 87 66
is_linear=0
shrinkage=0.05


Tree=159
num_leaves=5
num_cat=0
split_feature=15 2 0 0
split_gain=0.348409 0.0986645 2.77556e-17 2.77556e-17
threshold=4.4999999624256475 14.66022381203962 31659578.571572702 19191451.719919518
decision_type=2 2 2 2
left_child=-1 -2 3 -3
right_child=1 2 -4 -5
leaf_value=-0.050008665241192934 -0.050008665241191387 0.050008665241192934 0.050008665241182887 0.050008665241190825
leaf_weight=0.19574342193664052 0.027715882752090693 0.19747566460864618 0.0048502794816158703 0.021133360598469153
leaf_count=1130 160 1140 28 122
internal_value=0 0.0389723 0.0500087 0.0500087
internal_weight=0.446919 0.251175 0.223459 0.218609
internal_count=2580 1450 1290 1262
is_linear=0
shrinkage=0.05


Tree=160
num_leaves=6
num_cat=0
split_feature=15 2 0 2 0
split_gain=0.331414 0.0938518 5.55112e-17 2.77556e-17 1.73472e-18
threshold=4.4999999624256475 14.66022381203962 23885868.135745354 13.789864937085763 31639166.968322512
decision_type=2 2 2 2 2
left_child=3 -2 -3 -1 -4
right_child=1 2 4 -5 -6
leaf_value=-0.050008243979399861 -0.05000824397939832 0.050008243979399958 0.050008243979391777 -0.050008243979399014 0.050008243979390091
leaf_weight=0.14434498065384105 0.026364380028098822 0.20168750721495599 0.0059319855063222349 0.041853453294606879 0.0049433212552685291
leaf_count=876 160 1224 36 254 30
internal_value=0 0.0389719 0.0500082 -0.0500082 0.0500082
internal_weight=0.425126 0.238927 0.212563 0.186198 0.0108753
internal_count=2580 1450 1290 1130 66
is_linear=0
shrinkage=0.05


Tree=161
num_leaves=8
num_cat=0
split_feature=15 2 0 12 0 0 3
split_gain=0.315248 0.0892738 5.55112e-17 5.55112e-17 2.77556e-17 3.46945e-18 3.46945e-18
threshold=4.4999999624256475 14.66022381203962 31548787.689380009 0.0007436417682904423 775000.00000000012 1250000.0000000002 960392.50000000012
decision_type=2 2 2 2 2 2 2
left_child=3 -2 -3 4 -1 -6 -5
right_child=1 2 -4 6 5 -7 -8
leaf_value=-0.05000784031565475 -0.050007840315653113 0.050007840315654854 0.050007840315646923 -0.050007840315652065 -0.050007840315649414 -0.050007840315642815 -0.05000784031564514
leaf_weight=0.14279225069913082 0.025078770704567432 0.19608463844633661 0.0061129503592383108 0.016457943274872378 0.0087775697465986013 0.0040753002394922086 0.0050157541409134856
leaf_count=911 160 1251 39 105 56 26 32
internal_value=0 0.0389716 0.0500078 -0.0500078 -0.0500078 -0.0500078 -0.0500078
internal_weight=0.404395 0.227276 0.202198 0.177119 0.155645 0.0128529 0.0214737
internal_count=2580 1450 1290 1130 993 82 137
is_linear=0
shrinkage=0.05


Tree=162
num_leaves=8
num_cat=0
split_feature=15 2 0 0 0 0 3
split_gain=0.299871 0.0849192 5.55112e-17 2.77556e-17 2.77556e-17 3.46945e-18 3.46945e-18
threshold=4.4999999624256475 14.66022381203962 339597.37012105848 1250000.0000000002 23548.757796258498 975000.00000000012 604977.00000000012
decision_type=2 2 2 2 2 2 2
left_child=3 5 -3 4 -1 -2 -7
right_child=1 2 -4 -5 -6 6 -8
leaf_value=-0.050007461443999181 -0.050007461443996364 0.050007461443999396 0.050007461444000395 -0.05000746144399057 -0.05000746144400034 -0.050007461443995399 -0.050007461443983929
leaf_weight=0.032503584341611713 0.011480623827083036 0.03757295070681721 0.15476477314950898 0.0049202673544641575 0.13105803044163622 0.0093932376767043024 0.0029819802148267635
leaf_count=218 77 252 1038 33 879 63 20
internal_value=0 0.0389713 0.0500075 -0.0500075 -0.0500075 -0.0500075 -0.0500075
internal_weight=0.384675 0.216194 0.192338 0.168482 0.163562 0.0238558 0.0123752
internal_count=2580 1450 1290 1130 1097 160 83
is_linear=0
shrinkage=0.05


Tree=163
num_leaves=7
num_cat=0
split_feature=15 2 8 0 11 0
split_gain=0.285244 0.0807771 5.55112e-17 2.77556e-17 2.77556e-17 3.46945e-18
threshold=4.4999999624256475 14.66022381203962 0.99954841641860392 1250000.0000000002 -0.66681309596516825 444908.91328899178
decision_type=2 2 2 2 2 2
left_child=2 -2 5 -4 -3 -1
right_child=1 4 3 -5 -6 -7
leaf_value=-0.050007094947737765 -0.050007094947738355 0.050007094947731034 -0.050007094947740187 -0.050007094947728814 0.050007094947740277 -0.050007094947729883
leaf_weight=0.017870375770144165 0.022692540660500526 0.0052476500277407459 0.13346050475956872 0.0042548513738438478 0.17771095904754475 0.0046803365112282327
leaf_count=126 160 37 941 30 1253 33
internal_value=0 0.038971 -0.0500071 -0.0500071 0.0500071 -0.0500071
internal_weight=0.365917 0.205651 0.160266 0.137715 0.182959 0.0225507
internal_count=2580 1450 1130 971 1290 159
is_linear=0
shrinkage=0.05


Tree=164
num_leaves=5
num_cat=0
split_feature=15 2 3 3
split_gain=0.271331 0.076837 3.46945e-18 1.73472e-18
threshold=4.4999999624256475 14.66022381203962 374658.00000000006 230222.50000000003
decision_type=2 2 2 2
left_child=-1 2 3 -2
right_child=1 -3 -4 -5
leaf_value=-0.050006746773682789 -0.050006746773677904 0.050006746773682831 -0.050006746773676738 -0.050006746773671153
leaf_weight=0.15245082235196605 0.0095787684840615839 0.17403677949914709 0.0078249094658531249 0.0041822791972663262
leaf_count=1130 71 1290 58 31
internal_value=0 0.0389708 -0.0500067 -0.0500067
internal_weight=0.348074 0.195623 0.021586 0.013761
internal_count=2580 1450 160 102
is_linear=0
shrinkage=0.05


Tree=165
num_leaves=6
num_cat=0
split_feature=15 2 0 0 3
split_gain=0.258096 0.0730891 2.77556e-17 2.77556e-17 3.46945e-18
threshold=4.4999999624256475 14.66022381203962 1250000.0000000002 31349607.338254195 705992.54294934426
decision_type=2 2 2 2 2
left_child=2 4 -1 -3 -2
right_child=1 3 -4 -5 -6
leaf_value=-0.050006417962675222 -0.050006417962672613 0.05000641796267527 -0.050006417962663786 0.050006417962667471 -0.050006417962662156
leaf_weight=0.14078164249076508 0.016811663779662922 0.15938997262855992 0.0042349992727395138 0.006159998942166566 0.0037216660275589666
leaf_count=1097 131 1242 33 48 29
internal_value=0 0.0389705 -0.0500064 0.0500064 -0.0500064
internal_weight=0.3311 0.186083 0.145017 0.16555 0.0205333
internal_count=2580 1450 1130 1290 160
is_linear=0
shrinkage=0.05


Tree=166
num_leaves=8
num_cat=0
split_feature=15 2 0 0 3 3 3
split_gain=0.245507 0.069524 2.77556e-17 2.77556e-17 2.77556e-17 3.46945e-18 8.67362e-19
threshold=4.4999999624256475 14.66022381203962 1250000.0000000002 31485797.688957732 681.53921162394101 75301.000000000015 170.00000000000003
decision_type=2 2 2 2 2 2 2
left_child=2 5 4 -3 -1 -2 -5
right_child=1 3 -4 6 -6 -7 -8
leaf_value=-0.050006103272602534 -0.050006103272599092 0.050006103272617369 -0.050006103272605289 0.050006103272600633 -0.050006103272617314 -0.050006103272614726 0.050006103272598183
leaf_weight=0.0032960296666715285 0.0026856538024730972 0.15198359018540941 0.0040284807037096462 0.0029298041481524697 0.13062043493846431 0.016846373851876706 0.0025635786296334118
leaf_count=27 22 1245 33 24 1070 138 21
internal_value=0 0.0389703 -0.0500061 0.0500061 -0.0500061 -0.0500061 0.0500061
internal_weight=0.314954 0.177009 0.137945 0.157477 0.133916 0.019532 0.00549338
internal_count=2580 1450 1130 1290 1097 160 45
is_linear=0
shrinkage=0.05


Tree=167
num_leaves=7
num_cat=0
split_feature=15 2 0 0 0 3
split_gain=0.233532 0.0661329 2.77556e-17 2.77556e-17 2.77556e-17 3.46945e-18
threshold=4.4999999624256475 14.66022381203962 99422.086439152146 31639166.968322512 19221091.114396121 256.00000000000006
decision_type=2 2 2 2 2 2
left_child=2 -2 -1 4 -3 -6
right_child=1 3 -4 -5 5 -7
leaf_value=-0.050005808376580529 -0.050005808376578614 0.050005808376580932 -0.050005808376580557 0.050005808376566964 0.050005808376575159 0.050005808376571939
leaf_weight=0.06502841308247298 0.01857954659499228 0.1328437581541948 0.066189634744659998 0.0034836649865610516 0.0081285516353091225 0.0053416196460602814
leaf_count=560 160 1144 570 30 70 46
internal_value=0 0.03897 -0.0500058 0.0500058 0.0500058 0.0500058
internal_weight=0.299595 0.168377 0.131218 0.149798 0.146314 0.0134702
internal_count=2580 1450 1130 1290 1260 116
is_linear=0
shrinkage=0.05


Tree=168
num_leaves=7
num_cat=0
split_feature=15 2 0 0 3 0
split_gain=0.222141 0.0629072 2.77556e-17 2.77556e-17 6.93889e-18 3.46945e-18
threshold=4.4999999624256475 14.66022381203962 246852.42001051226 19152122.432190266 753479.00000000012 23843093.737364057
decision_type=2 2 2 2 2 2
left_child=2 -2 -1 -3 -4 -5
right_child=1 3 4 5 -6 -7
leaf_value=-0.050005523195477297 -0.050005523195475021 0.050005523195477443 -0.050005523195475791 0.05000552319547219 -0.050005523195471739 0.050005523195471739
leaf_weight=0.092344086762750521 0.017673509428277612 0.12548191694077104 0.024301075463881716 0.0088367547141388059 0.0081739981105783954 0.0081739981105783954
leaf_count=836 160 1136 220 80 74 74
internal_value=0 0.0389698 -0.0500055 0.0500055 -0.0500055 0.0500055
internal_weight=0.284985 0.160166 0.124819 0.142493 0.0324751 0.0170108
internal_count=2580 1450 1130 1290 294 154
is_linear=0
shrinkage=0.05


Tree=169
num_leaves=6
num_cat=0
split_feature=15 2 0 5 3
split_gain=0.211306 0.0598389 2.77556e-17 2.77556e-17 1.38778e-17
threshold=4.4999999624256475 14.66022381203962 31659578.571572702 5.9783460854067849 2882291.0000000005
decision_type=2 2 2 2 2
left_child=4 -2 3 -3 -1
right_child=1 2 -4 -5 -6
leaf_value=-0.050005255833403352 -0.050005255833400819 0.050005255833403407 0.050005255833386809 0.050005255833390209 -0.050005255833391909
leaf_weight=0.11452936254499946 0.016811649547889829 0.12892433747038012 0.0029420386708807192 0.0036775483386008992 0.0042029123869724563
leaf_count=1090 160 1227 28 35 40
internal_value=0 0.0389696 0.0500053 0.0500053 -0.0500053
internal_weight=0.271088 0.152356 0.135544 0.132602 0.118732
internal_count=2580 1450 1290 1262 1130
is_linear=0
shrinkage=0.05


Tree=170
num_leaves=7
num_cat=0
split_feature=15 2 0 3 3 3
split_gain=0.200999 0.0569202 2.77556e-17 3.46945e-18 1.73472e-18 8.67362e-19
threshold=4.4999999624256475 14.66022381203962 550000.00000000012 244869.49004117397 913624.13323180575 560709.00000000012
decision_type=2 2 2 2 2 2
left_child=2 3 -1 -2 5 -5
right_child=1 -3 -4 4 -6 -7
leaf_value=-0.05000500114108955 -0.050005001141083298 0.050005001141089668 -0.050005001141086351 -0.050005001141078934 -0.050005001141066235 -0.050005001141065035
leaf_weight=0.099449103254301008 0.0073962147143902248 0.12893401326437015 0.013493094411387574 0.0044976981371291913 0.0020989257973269559 0.0019989769498351961
leaf_count=995 74 1290 135 45 21 20
internal_value=0 0.0389694 -0.050005 -0.050005 -0.050005 -0.050005
internal_weight=0.257868 0.144926 0.112942 0.0159918 0.0085956 0.00649668
internal_count=2580 1450 1130 160 86 65
is_linear=0
shrinkage=0.05


Tree=171
num_leaves=12
num_cat=0
split_feature=15 2 3 0 0 3 3 3 3 3 0
split_gain=0.191196 0.0541439 2.77556e-17 1.38778e-17 1.38778e-17 3.46945e-18 3.46945e-18 1.73472e-18 1.73472e-18 1.73472e-18 8.67362e-19
threshold=4.4999999624256475 14.66022381203962 8851.8099918986663 18444946.241421837 14232884.005438989 882229.50000000012 87.500000000000014 483122.00000000006 349572.50000000006 250067.50000000003 73422.837288726922
decision_type=2 2 2 2 2 2 2 2 2 2 2
left_child=2 5 10 4 -3 7 -6 8 9 -2 -1
right_child=1 3 -4 -5 6 -7 -8 -9 -10 -11 -12
leaf_value=-0.050004752439581947 -0.050004752439597788 0.050004752439604172 -0.050004752439604318 0.050004752439602618 0.050004752439599023 -0.050004752439581912 0.050004752439600376 -0.05000475243957847 -0.050004752439580871 -0.050004752439578498 -0.050004752439579747
leaf_weight=0.0021867190589546217 0.0071306056270259432 0.079767708280996885 0.10325116947933566 0.022913012748176698 0.0086518014941248111 0.0021867190589546235 0.01131389426154783 0.0019014948338735857 0.0020916443172609442 0.0019014948338735849 0.0019965695755672641
leaf_count=23 75 839 1086 241 91 23 119 20 22 20 21
internal_value=0 0.0389692 -0.0500048 0.0500048 0.0500048 -0.0500048 0.0500048 -0.0500048 -0.0500048 -0.0500048 -0.0500048
internal_weight=0.245293 0.137858 0.107434 0.122646 0.0997334 0.015212 0.0199657 0.0130252 0.0111237 0.0090321 0.00418329
internal_count=2580 1450 1130 1290 1049 160 210 137 117 95 44
is_linear=0
shrinkage=0.05


Tree=172
num_leaves=8
num_cat=0
split_feature=15 2 0 0 2 3 3
split_gain=0.18187 0.051503 1.38778e-17 1.38778e-17 1.38778e-17 1.73472e-18 3.46945e-18
threshold=4.4999999624256475 14.66022381203962 550000.00000000012 31588702.462338831 11.369096095341563 913624.13323180575 374658.00000000006
decision_type=2 2 2 2 2 2 2
left_child=2 5 4 -3 -1 6 -2
right_child=1 3 -4 -5 -6 -7 -8
leaf_value=-0.050004521412143323 -0.050004521412139402 0.050004521412144377 -0.050004521412140727 0.05000452141212948 -0.050004521412143947 -0.050004521412118468 -0.050004521412129868
leaf_weight=0.033281293581239879 0.0092247063730610535 0.11340962540998589 0.01220917019963963 0.0032557787199039004 0.056704812704992946 0.0018992042532772766 0.0033462170176790105
leaf_count=368 102 1254 135 36 627 21 37
internal_value=0 0.038969 -0.0500045 0.0500045 -0.0500045 -0.0500045 -0.0500045
internal_weight=0.233331 0.131136 0.102195 0.116665 0.0899861 0.0144701 0.0125709
internal_count=2580 1450 1130 1290 995 160 139
is_linear=0
shrinkage=0.05


Tree=173
num_leaves=7
num_cat=0
split_feature=15 2 0 0 3 3
split_gain=0.172999 0.048991 2.77556e-17 1.38778e-17 3.46945e-18 1.73472e-18
threshold=4.4999999624256475 14.66022381203962 11790683.826100072 975000.00000000012 349572.50000000006 92321.500000000015
decision_type=2 2 2 2 2 2
left_child=3 4 -3 -1 5 -2
right_child=1 2 -4 -5 -6 -7
leaf_value=-0.050004300724229581 -0.050004300724210748 0.050004300724229345 0.050004300724229046 -0.050004300724220754 -0.050004300724221178 -0.050004300724221178
leaf_weight=0.091877839586231858 0.0025808381906244904 0.064693010644987226 0.046283031551865861 0.0053337322606239459 0.0055918160796863967 0.0055918160796863958
leaf_count=1068 30 752 538 62 65 65
internal_value=0 0.0389689 0.0500043 -0.0500043 -0.0500043 -0.0500043
internal_weight=0.221952 0.124741 0.110976 0.0972116 0.0137645 0.00817265
internal_count=2580 1450 1290 1130 160 95
is_linear=0
shrinkage=0.05


Tree=174
num_leaves=6
num_cat=0
split_feature=15 2 0 0 3
split_gain=0.164561 0.0466014 2.77556e-17 1.38778e-17 3.46945e-18
threshold=4.4999999624256475 14.66022381203962 23747400.459630352 99422.086439152146 940075.50000000012
decision_type=2 2 2 2 2
left_child=3 4 -3 -1 -2
right_child=1 2 -4 -5 -6
leaf_value=-0.050004089982094574 -0.050004089982091299 0.05000408998209515 0.050004089982090161 -0.050004089982094595 -0.050004089982065084
leaf_weight=0.045826280838809907 0.011456570209702477 0.096480687694565859 0.0090834235234069638 0.046644607282360084 0.0016366528871003547
leaf_count=560 140 1179 111 570 20
internal_value=0 0.0389687 0.0500041 -0.0500041 -0.0500041
internal_weight=0.211128 0.118657 0.105564 0.0924709 0.0130932
internal_count=2580 1450 1290 1130 160
is_linear=0
shrinkage=0.05


Tree=175
num_leaves=8
num_cat=0
split_feature=15 2 0 0 0 0 3
split_gain=0.156535 0.0443285 1.38778e-17 1.38778e-17 1.73472e-18 1.73472e-18 8.67362e-19
threshold=4.4999999624256475 14.66022381203962 975000.00000000012 31621570.366124626 1750000.0000000002 444908.91328899178 493438.00000000006
decision_type=2 2 2 2 2 2 2
left_child=2 4 -1 -3 5 -2 -4
right_child=1 3 6 -5 -6 -7 -8
leaf_value=-0.05000389306475457 -0.050003893064739117 0.050003893064754668 -0.050003893064739513 0.050003893064735731 -0.050003893064738264 -0.05000389306474734 -0.050003893064724581
leaf_weight=0.083135170396417379 0.0031136767938733101 0.09784729324746877 0.003191518713720142 0.00256878335494548 0.0029579929541796455 0.0063830374274402857 0.0016346803167834878
leaf_count=1068 40 1257 41 33 38 82 21
internal_value=0 0.0389686 -0.0500039 0.0500039 -0.0500039 -0.0500039 -0.0500039
internal_weight=0.200832 0.112871 0.0879614 0.100416 0.0124547 0.00949671 0.0048262
internal_count=2580 1450 1130 1290 160 122 62
is_linear=0
shrinkage=0.05


Tree=176
num_leaves=8
num_cat=0
split_feature=15 2 0 0 3 0 3
split_gain=0.1489 0.0421664 1.38778e-17 1.38778e-17 3.46945e-18 1.73472e-18 1.73472e-18
threshold=4.4999999624256475 14.66022381203962 444908.91328899178 31621570.366124626 960392.50000000012 975000.00000000012 778082.00000000012
decision_type=2 2 2 2 2 2 2
left_child=2 6 -1 -3 5 -4 -2
right_child=1 3 4 -5 -6 -7 -8
leaf_value=-0.050003704512734497 -0.050003704512730188 0.050003704512734684 -0.0500037045127293 0.050003704512714776 -0.050003704512716955 -0.050003704512722937 -0.050003704512709225
leaf_weight=0.068418317445321009 0.0099221369455335662 0.09307556821295293 0.0084412209835136309 0.0024435113373328923 0.0027396945297368811 0.0040725188955548228 0.0019251907506259167
leaf_count=924 134 1257 114 33 37 55 26
internal_value=0 0.0389684 -0.0500037 0.0500037 -0.0500037 -0.0500037 -0.0500037
internal_weight=0.191038 0.107366 0.0836718 0.0955191 0.0152534 0.0125137 0.0118473
internal_count=2580 1450 1130 1290 206 169 160
is_linear=0
shrinkage=0.05


Tree=177
num_leaves=8
num_cat=0
split_feature=15 2 0 3 3 3 4
split_gain=0.141638 0.0401098 1.38778e-17 1.38778e-17 1.73472e-18 1.73472e-18 4.33681e-19
threshold=4.4999999624256475 14.66022381203962 17729496.690436345 2475486.4659524639 882229.50000000012 483122.00000000006 0.020787475653041905
decision_type=2 2 2 2 2 2 2
left_child=3 4 -3 -1 5 -2 -5
right_child=1 2 -4 6 -6 -7 -8
leaf_value=-0.050003522551144514 -0.050003522551139115 0.05000352255114443 0.050003522551143015 -0.050003522551119839 -0.050003522551114281 -0.050003522551109639 -0.0500035225511129
leaf_weight=0.076069574570283294 0.0082408705784473568 0.067687834409298375 0.023173046327428892 0.0019721741555258623 0.0016200001991819599 0.0014086958253756174 0.0015495654079131782
leaf_count=1080 117 961 329 28 23 20 22
internal_value=0 0.0389683 0.0500035 -0.0500035 -0.0500035 -0.0500035 -0.0500035
internal_weight=0.181722 0.10213 0.0908609 0.0795913 0.0112696 0.00964957 0.00352174
internal_count=2580 1450 1290 1130 160 137 50
is_linear=0
shrinkage=0.05


Tree=178
num_leaves=8
num_cat=0
split_feature=15 2 0 2 3 0 0
split_gain=0.134729 0.0381535 1.38778e-17 1.38778e-17 3.46945e-18 1.73472e-18 8.67362e-19
threshold=4.4999999624256475 14.66022381203962 18801407.362815436 9.8712716237896263 151.00000000000003 1750000.0000000002 23818835.074135479
decision_type=2 2 2 2 2 2 2
left_child=3 5 -3 -1 -4 -2 -6
right_child=1 2 4 -5 6 -7 -8
leaf_value=-0.050003350204871372 -0.050003350204893937 0.050003350204899349 0.050003350204894138 -0.050003350204899377 0.050003350204888199 -0.050003350204880392 0.050003350204881392
leaf_weight=0.0017419966170564285 0.008173984126187861 0.071086861949879676 0.0084419836057350039 0.073967856355011463 0.0042209918028675028 0.0025459950556978592 0.0026799947954714298
leaf_count=26 122 1061 126 1104 63 38 40
internal_value=0 0.0389681 0.0500034 -0.0500034 0.0500034 -0.0500034 0.0500034
internal_weight=0.17286 0.0971498 0.0864298 0.0757099 0.015343 0.01072 0.00690099
internal_count=2580 1450 1290 1130 229 160 103
is_linear=0
shrinkage=0.05


Tree=179
num_leaves=5
num_cat=0
split_feature=15 2 0 3
split_gain=0.128158 0.0362926 1.38778e-17 1.73472e-18
threshold=4.4999999624256475 14.66022381203962 1250000.0000000002 940075.50000000012
decision_type=2 2 2 2
left_child=2 3 -1 -2
right_child=1 -3 -4 -5
leaf_value=-0.050003190886598825 -0.05000319088659394 0.050003190886598936 -0.050003190886575788 -0.050003190886560279
leaf_weight=0.069914495812554378 0.0089225427655037493 0.082214858339284547 0.0021031707947258829 0.0012746489665005365
leaf_count=1097 140 1290 33 20
internal_value=0 0.038968 -0.0500032 -0.0500032
internal_weight=0.16443 0.0924121 0.0720177 0.0101972
internal_count=2580 1450 1130 160
is_linear=0
shrinkage=0.05


Tree=180
num_leaves=4
num_cat=0
split_feature=15 2 3
split_gain=0.121907 0.0345224 3.46945e-18
threshold=4.4999999624256475 14.66022381203962 882229.50000000012
decision_type=2 2 2
left_child=-1 2 -2
right_child=1 -3 -4
leaf_value=-0.050003030430502228 -0.050003030430496948 0.050003030430502318 -0.050003030430467069
leaf_weight=0.068505534254654776 0.0083055382237944286 0.078205432910181116 0.0013943604317319122
leaf_count=1130 137 1290 23
internal_value=0 0.0389679 -0.050003
internal_weight=0.156411 0.0879053 0.0096999
internal_count=2580 1450 160
is_linear=0
shrinkage=0.05


Tree=181
num_leaves=7
num_cat=0
split_feature=15 2 0 0 3 0
split_gain=0.115962 0.0328387 1.38778e-17 1.38778e-17 3.46945e-18 8.67362e-19
threshold=4.4999999624256475 14.66022381203962 349966.20868443185 23695881.314592857 1046190.0000000001 24142008.23320223
decision_type=2 2 2 2 2 2
left_child=2 -2 -1 -3 -4 -5
right_child=1 3 4 5 -6 -7
leaf_value=-0.050002886140889248 -0.050002886140884821 0.050002886140889491 -0.050002886140886264 0.050002886140878035 -0.050002886140864712 0.050002886140873226
leaf_weight=0.050632369406230282 0.0092268554726615548 0.06735604495042935 0.012571590581501368 0.0040944171159935641 0.0019607067879405813 0.0029410601819108706
leaf_count=878 160 1168 218 71 34 51
internal_value=0 0.0389678 -0.0500029 0.0500029 -0.0500029 0.0500029
internal_weight=0.148783 0.0836184 0.0651647 0.0743915 0.0145323 0.00703548
internal_count=2580 1450 1130 1290 252 122
is_linear=0
shrinkage=0.05


Tree=182
num_leaves=3
num_cat=0
split_feature=15 2
split_gain=0.110306 0.031237
threshold=4.4999999624256475 14.66022381203962
decision_type=2 2
left_child=-1 -2
right_child=1 -3
leaf_value=-0.050002742303212916 -0.050002742303208031 0.050002742303213013
leaf_weight=0.061986719010747038 0.0087768805678933859 0.070763599578640424
leaf_count=1130 160 1290
internal_value=0 0.0389677
internal_weight=0.141527 0.0795405
internal_count=2580 1450
is_linear=0
shrinkage=0.05


Tree=183
num_leaves=7
num_cat=0
split_feature=15 2 4 3 4 4
split_gain=0.104926 0.0297135 6.93889e-18 1.73472e-18 1.73472e-18 1.73472e-18
threshold=4.4999999624256475 14.66022381203962 0.077299091848448645 303071.00000000006 0.068565238598461226 0.046049114553023622
decision_type=2 2 2 2 2 2
left_child=2 3 4 -2 5 -1
right_child=1 -3 -4 -5 -6 -7
leaf_value=-0.050002610990990431 -0.050002610990984957 0.05000261099099549 -0.050002610990995157 -0.050002610990983458 -0.050002610990952635 -0.050002610990978795
leaf_weight=0.0086097503117343877 0.0044353259181661997 0.067312593346287031 0.046336110768606886 0.0039135228689701762 0.0011479667082312526 0.0028699167705781301
leaf_count=165 85 1290 888 75 22 55
internal_value=0 0.0389676 -0.0500026 -0.0500026 -0.0500026 -0.0500026
internal_weight=0.134625 0.0756614 0.0589637 0.00834885 0.0126276 0.0114797
internal_count=2580 1450 1130 160 242 220
is_linear=0
shrinkage=0.05


Tree=184
num_leaves=5
num_cat=0
split_feature=15 2 0 3
split_gain=0.0998082 0.0282643 1.38778e-17 1.73472e-18
threshold=4.4999999624256475 14.66022381203962 444908.91328899178 1219497.072896519
decision_type=2 2 2 2
left_child=2 -2 -1 -4
right_child=1 -3 3 -5
leaf_value=-0.050002484659607875 -0.050002484659602678 0.050002484659608187 -0.050002484659603524 -0.050002484659560947
leaf_weight=0.045863261329941452 0.0079416902735829353 0.064029877830762416 0.009182579378830269 0.0010423468484077611
leaf_count=924 160 1290 185 21
internal_value=0 0.0389675 -0.0500025 -0.0500025
internal_weight=0.12806 0.0719716 0.0560882 0.0102249
internal_count=2580 1450 1130 206
is_linear=0
shrinkage=0.05


Tree=185
num_leaves=5
num_cat=0
split_feature=15 2 0 0
split_gain=0.0949403 0.0268857 6.93889e-18 6.93889e-18
threshold=4.4999999624256475 14.66022381203962 1250000.0000000002 24142008.23320223
decision_type=2 2 2 2
left_child=2 -2 -1 -3
right_child=1 3 -4 -5
leaf_value=-0.050002361627322849 -0.050002361627317193 0.05000236162732296 -0.050002361627291741 0.050002361627303066
leaf_weight=0.051794769689877285 0.0075543875573202959 0.058499288646999048 0.0015580924336973103 0.0024079610338958437
leaf_count=1097 160 1239 33 51
internal_value=0 0.0389674 -0.0500024 0.0500024
internal_weight=0.121814 0.0684616 0.0533529 0.0609072
internal_count=2580 1450 1130 1290
is_linear=0
shrinkage=0.05


Tree=186
num_leaves=8
num_cat=0
split_feature=15 2 0 3 1 3 3
split_gain=0.0903098 0.0255744 6.93889e-18 6.93889e-18 1.73472e-18 8.67362e-19 8.67362e-19
threshold=4.4999999624256475 14.66022381203962 18999360.878681134 80934.500000000015 256453.66426391536 357968.50000000006 244869.49004117397
decision_type=2 2 2 2 2 2 2
left_child=3 5 -3 -1 -4 6 -2
right_child=1 2 4 -5 -6 -7 -8
leaf_value=-0.050002247799881973 -0.050002247799874888 0.050002247799888891 0.050002247799883562 -0.050002247799888801 0.050002247799857152 -0.05000224779987196 -0.050002247799843524
leaf_weight=0.0062877250456949687 0.0033235118098673402 0.048550219817116158 0.007859656307118712 0.044463198537414428 0.0015270189396687792 0.0027845639488077722 0.0010778957221191376
leaf_count=140 74 1081 175 990 34 62 24
internal_value=0 0.0389673 0.0500022 -0.0500022 0.0500022 -0.0500022 -0.0500022
internal_weight=0.115874 0.0651229 0.0579369 0.0507509 0.00938668 0.00718597 0.00440141
internal_count=2580 1450 1290 1130 209 160 98
is_linear=0
shrinkage=0.05


Tree=187
num_leaves=11
num_cat=0
split_feature=15 2 0 0 3 3 3 1 1 3
split_gain=0.0859051 0.0243271 6.93889e-18 6.93889e-18 6.93889e-18 6.93889e-18 1.73472e-18 8.67362e-19 8.67362e-19 4.33681e-19
threshold=4.4999999624256475 14.66022381203962 31485797.688957732 18929628.85312378 1120535.8881025757 868323.00000000012 3392166.0000000005 353308.51967161923 -1.0000000180025095e-35 1046190.0000000001
decision_type=2 2 2 2 2 2 2 2 2 2
left_child=4 -2 3 -3 5 -1 -6 8 -5 -7
right_child=1 2 -4 7 6 9 -8 -9 -10 -11
leaf_value=-0.050002137382061468 -0.050002137382055611 0.050002137382061829 0.050002137382036932 0.050002137382044044 -0.050002137382057513 -0.0500021373820424 -0.05000213738201606 0.050002137382023908 0.050002137382048999 -0.050002137382025164
leaf_weight=0.034220333829580341 0.0068355223629623643 0.045669833787542302 0.0019224906645831643 0.0026487649156479165 0.009227955189999193 0.0024351548418053417 0.0010680503692128704 0.0012816604430554435 0.0035886492405552408 0.0013243824578239582
leaf_count=801 160 1069 45 62 216 57 25 30 84 31
internal_value=0 0.0389672 0.0500021 0.0500021 -0.0500021 -0.0500021 -0.0500021 0.0500021 0.0500021 -0.0500021
internal_weight=0.110223 0.0619469 0.0551114 0.0531889 0.0482759 0.0379799 0.010296 0.00751907 0.00623741 0.00375954
internal_count=2580 1450 1290 1245 1130 889 241 176 146 88
is_linear=0
shrinkage=0.05


Tree=188
num_leaves=8
num_cat=0
split_feature=15 2 0 0 0 0 3
split_gain=0.0817153 0.0231406 6.93889e-18 6.93889e-18 8.67362e-19 8.67362e-19 8.67362e-19
threshold=4.4999999624256475 14.66022381203962 1250000.0000000002 19039274.333936561 31659578.571572702 23860838.772683751 732677.50000000012
decision_type=2 2 2 2 2 2 2
left_child=2 6 -1 -3 5 -5 -2
right_child=1 3 -4 4 -6 -7 -8
leaf_value=-0.05000203211438884 -0.050002032114380715 0.050002032114388861 -0.050002032114352703 0.050002032114377662 0.050002032114346007 0.050002032114360662 -0.05000203211434439
leaf_weight=0.044580455167306354 0.0054049230056989464 0.045515141100622714 0.0013410711217147755 0.00406385188398417 0.0011378785275155678 0.0017068177912733518 0.0010972400086757261
leaf_count=1097 133 1120 33 100 28 42 27
internal_value=0 0.0389671 -0.050002 0.050002 0.050002 0.050002 -0.050002
internal_weight=0.104847 0.0589259 0.0459215 0.0524237 0.00690855 0.00577067 0.00650216
internal_count=2580 1450 1130 1290 170 142 160
is_linear=0
shrinkage=0.05


Tree=189
num_leaves=7
num_cat=0
split_feature=15 2 1 11 3 0
split_gain=0.0777298 0.022012 1.38778e-17 1.38778e-17 1.73472e-18 8.67362e-19
threshold=4.4999999624256475 14.66022381203962 422309.3731373988 -0.99312461341198033 1758712.9559817815 1750000.0000000002
decision_type=2 2 2 2 2 2
left_child=3 5 -3 4 -1 -2
right_child=1 2 -4 -5 -6 -7
leaf_value=-0.050001929256691613 -0.050001929256687276 0.050001929256696366 0.050001929256694826 -0.050001929256696366 -0.050001929256675542 -0.05000192925666383
leaf_weight=0.0080019227534648962 0.0047161090624285853 0.033437986385251861 0.01642906845518155 0.033437986385251861 0.0022420846362365418 0.0014689520030515268
leaf_count=207 122 865 425 865 58 38
internal_value=0 0.038967 0.0500019 -0.0500019 -0.0500019 -0.0500019
internal_weight=0.0997341 0.0560521 0.0498671 0.043682 0.010244 0.00618506
internal_count=2580 1450 1290 1130 265 160
is_linear=0
shrinkage=0.05


Tree=190
num_leaves=6
num_cat=0
split_feature=15 2 0 3 3
split_gain=0.0739388 0.0209384 6.93889e-18 8.67362e-19 4.33681e-19
threshold=4.4999999624256475 14.66022381203962 1250000.0000000002 266313.00000000006 705992.54294934426
decision_type=2 2 2 2 2
left_child=2 3 -1 -2 -5
right_child=1 -3 -4 4 -6
leaf_value=-0.050001840191624049 -0.050001840191607874 0.050001840191624236 -0.050001840191584115 -0.050001840191599638 -0.050001840191578398
leaf_weight=0.040338215952942846 0.0028681684998446135 0.047435094420507085 0.0012134559037804129 0.0019488837242533918 0.0010663703396858182
leaf_count=1097 78 1290 33 53 29
internal_value=0 0.038967 -0.0500018 -0.0500018 -0.0500018
internal_weight=0.0948702 0.0533185 0.0415517 0.00588342 0.00301525
internal_count=2580 1450 1130 160 82
is_linear=0
shrinkage=0.05


Tree=191
num_leaves=9
num_cat=0
split_feature=15 2 0 3 3 3 4 4
split_gain=0.0703326 0.0199172 6.93889e-18 6.93889e-18 1.73472e-18 8.67362e-19 8.67362e-19 8.67362e-19
threshold=4.4999999624256475 14.66022381203962 18867860.03732409 152196.50000000003 12597.376441971546 705992.54294934426 10.494955541115235 4.1356301786318124
decision_type=2 2 2 2 2 2 2 2
left_child=3 5 -3 4 -1 -2 7 -6
right_child=1 2 -4 -5 6 -7 -8 -9
leaf_value=-0.050001752524020254 -0.05000175252403976 0.050001752524049328 0.050001752524044318 -0.050001752524049072 -0.050001752524035617 -0.050001752524001367 -0.050001752524026014 -0.050001752524010956
leaf_weight=0.0016439702012576163 0.0045821297098882488 0.037251665198709816 0.0078700701124034822 0.031270411913283169 0.0033229184919036925 0.0010143645922653377 0.0020287291845306754 0.0012592112179845572
leaf_count=47 131 1065 225 894 95 29 58 36
internal_value=0 0.0389669 0.0500018 -0.0500018 -0.0500018 -0.0500018 -0.0500018 -0.0500018
internal_weight=0.0902435 0.0507182 0.0451217 0.0395252 0.00825483 0.00559649 0.00661086 0.00458213
internal_count=2580 1450 1290 1130 236 160 189 131
is_linear=0
shrinkage=0.05


Tree=192
num_leaves=10
num_cat=0
split_feature=15 2 0 0 3 3 3 0 3
split_gain=0.0669023 0.0189458 6.93889e-18 6.93889e-18 6.93889e-18 6.93889e-18 6.93889e-18 1.73472e-18 8.67362e-19
threshold=4.4999999624256475 14.66022381203962 31588702.462338831 17836891.488862824 2882291.0000000005 1990830.4860063347 15127.172173332596 23747400.459630352 612138.50000000012
decision_type=2 2 2 2 2 2 2 2 2
left_child=4 8 3 -3 5 6 -1 -5 -2
right_child=1 2 -4 7 -6 -7 -8 -9 -10
leaf_value=-0.050001661964116963 -0.050001661964134581 0.050001661964144919 0.050001661964104695 0.050001661964137349 -0.050001661964108872 -0.050001661964116373 -0.050001661964144885 0.050001661964126365 -0.050001661964100864
leaf_weight=0.0016968844829534637 0.004225575085001764 0.033704783945722738 0.0011978008114965624 0.0055231926307897083 0.0013308897905517361 0.0016636122381896703 0.032906250071391696 0.0024954183572845068 0.001097984077205183
leaf_count=51 127 1013 36 166 40 50 989 75 33
internal_value=0 0.0389668 0.0500017 0.0500017 -0.0500017 -0.0500017 -0.0500017 0.0500017 -0.0500017
internal_weight=0.0858424 0.0482448 0.0429212 0.0417234 0.0375976 0.0362667 0.0346031 0.00801861 0.00532356
internal_count=2580 1450 1290 1254 1130 1090 1040 241 160
is_linear=0
shrinkage=0.05


Tree=193
num_leaves=6
num_cat=0
split_feature=15 2 2 3 3
split_gain=0.0636393 0.0180218 6.93889e-18 8.67362e-19 8.67362e-19
threshold=4.4999999624256475 14.66022381203962 16.388849600319215 622240.50000000012 244869.49004117397
decision_type=2 2 2 2 2
left_child=-1 3 -3 4 -2
right_child=1 2 -4 -5 -6
leaf_value=-0.050001580501007087 -0.050001580500987144 0.05000158050100563 0.050001580501006331 -0.050001580500959097 -0.05000158050097922
leaf_weight=0.035764036474574823 0.0023420696452376424 0.017565522339282325 0.023262448503373889 0.0010127868736162782 0.0017090778492274694
leaf_count=1130 74 555 735 32 54
internal_value=0 0.0389667 0.0500016 -0.0500016 -0.0500016
internal_weight=0.0816559 0.0458919 0.040828 0.00506393 0.00405115
internal_count=2580 1450 1290 160 128
is_linear=0
shrinkage=0.05


Tree=194
num_leaves=4
num_cat=0
split_feature=15 2 0
split_gain=0.0605355 0.0171428 6.93889e-18
threshold=4.4999999624256475 14.66022381203962 23730309.499263491
decision_type=2 2 2
left_child=-1 -2 -3
right_child=1 2 -4
leaf_value=-0.050001507463240592 -0.050001507463231704 0.050001507463240662 0.050001507463227512
leaf_weight=0.034019852901110426 0.0048169703222811213 0.035404731868766248 0.0034320913546252987
leaf_count=1130 160 1176 114
internal_value=0 0.0389667 0.0500015
internal_weight=0.0776736 0.0436538 0.0388368
internal_count=2580 1450 1290
is_linear=0
shrinkage=0.05


Tree=195
num_leaves=7
num_cat=0
split_feature=15 2 0 3 0 3
split_gain=0.0575831 0.0163067 6.93889e-18 8.67362e-19 4.33681e-19 4.33681e-19
threshold=4.4999999624256475 14.66022381203962 23711402.804992329 604977.00000000012 31511322.763726432 139852.61451731608
decision_type=2 2 2 2 2 2
left_child=-1 3 -3 5 -4 -2
right_child=1 2 4 -5 -6 -7
leaf_value=-0.050001432309314267 -0.050001432309280204 0.050001432309314323 0.050001432309292854 -0.050001432309265917 0.05000143230927423 -0.050001432309292826
leaf_weight=0.032360732402594294 0.0014032529979886013 0.033563520686584525 0.0021764740376966065 0.0010023235699918587 0.0012027882839902304 0.0021764740376966074
leaf_count=1130 49 1172 76 35 42 76
internal_value=0 0.0389666 0.0500014 -0.0500014 0.0500014 -0.0500014
internal_weight=0.0738856 0.0415248 0.0369428 0.00458205 0.00337926 0.00357973
internal_count=2580 1450 1290 160 118 125
is_linear=0
shrinkage=0.05


Tree=196
num_leaves=6
num_cat=0
split_feature=15 2 0 0 3
split_gain=0.0547746 0.0155114 6.93889e-18 6.93889e-18 6.93889e-18
threshold=4.4999999624256475 14.66022381203962 31511322.763726432 23711402.804992329 178876.50000000003
decision_type=2 2 2 2 2
left_child=4 -2 3 -3 -1
right_child=1 2 -4 -5 -6
leaf_value=-0.050001362180208002 -0.050001362180203381 0.050001362180213275 0.050001362180171177 0.050001362180190717 -0.05000136218021272
leaf_weight=0.007300633762497454 0.004358587320894002 0.031926652125548571 0.0011441291717346749 0.0020703289774246505 0.023481889191316441
leaf_count=268 160 1172 42 76 862
internal_value=0 0.0389666 0.0500014 0.0500014 -0.0500014
internal_weight=0.0702822 0.0394997 0.0351411 0.033997 0.0307825
internal_count=2580 1450 1290 1248 1130
is_linear=0
shrinkage=0.05


Tree=197
num_leaves=6
num_cat=0
split_feature=15 2 2 0 3
split_gain=0.0521032 0.0147549 6.93889e-18 3.46945e-18 1.73472e-18
threshold=4.4999999624256475 14.66022381203962 16.982844232513013 40432.194163104861 1642867.5000000002
decision_type=2 2 2 2 2
left_child=3 -2 -3 4 -1
right_child=1 2 -4 -5 -6
leaf_value=-0.050001298644588021 -0.050001298644582061 0.050001298644592129 0.050001298644588049 -0.050001298644591623 -0.050001298644544591
leaf_weight=0.0082143054423795547 0.0041460216743871561 0.025187081671901979 0.0082402180778444745 0.020056379849847872 0.0010105927831318704
leaf_count=317 160 972 318 774 39
internal_value=0 0.0389665 0.0500013 -0.0500013 -0.0500013
internal_weight=0.0668546 0.0375733 0.0334273 0.0292813 0.0092249
internal_count=2580 1450 1290 1130 356
is_linear=0
shrinkage=0.05


Tree=198
num_leaves=8
num_cat=0
split_feature=15 2 0 0 3 3 4
split_gain=0.049562 0.0140353 6.93889e-18 3.46945e-18 3.46945e-18 1.73472e-18 8.67362e-19
threshold=4.4999999624256475 14.66022381203962 8212150.819488368 118958.4385961107 101311.50000000001 1106501.5000000002 1.7465444361511133
decision_type=2 2 2 2 2 2 2
left_child=3 6 -3 4 -1 -5 -2
right_child=1 2 -4 5 -6 -7 -8
leaf_value=-0.050001232392995323 -0.050001232392981779 0.050001232393011887 0.050001232393011845 -0.050001232393009104 -0.050001232393011845 -0.05000123239296779 -0.050001232392994512
leaf_weight=0.0025388359354110426 0.0015035824471851802 0.015997131282347254 0.015799940141732804 0.0084545701538445428 0.015799940141732804 0.0010599023808026695 0.0024402403651038185
leaf_count=103 61 649 641 343 641 43 99
internal_value=0 0.0389665 0.0500012 -0.0500012 -0.0500012 -0.0500012 -0.0500012
internal_weight=0.0635941 0.0357409 0.0317971 0.0278532 0.0183388 0.00951447 0.00394382
internal_count=2580 1450 1290 1130 744 386 160
is_linear=0
shrinkage=0.05


Tree=199
num_leaves=9
num_cat=0
split_feature=15 2 0 3 3 3 3 3
split_gain=0.0471448 0.0133507 6.93889e-18 3.46945e-18 4.33681e-19 4.33681e-19 4.33681e-19 4.33681e-19
threshold=4.4999999624256475 14.66022381203962 18679693.337574106 1399813.3021360447 374658.00000000006 173050.50000000003 2363444.0000000005 1758712.9559817815
decision_type=2 2 2 2 2 2 2 2
left_child=3 4 -3 -1 5 -2 7 -5
right_child=1 2 -4 6 -6 -7 -8 -9
leaf_value=-0.050001171450462172 -0.05000117145042491 0.050001171450462345 0.050001171450455378 -0.05000117145042491 -0.050001171450427595 -0.050001171450419934 -0.050001171450426291 -0.050001171450419934
leaf_weight=0.02279026906035142 0.0012661260589084114 0.024689458148714039 0.0055568865918758084 0.0012661260589084114 0.0013599131743831094 0.0011254453856963664 0.0013130196166457608 0.0011254453856963664
leaf_count=972 54 1053 237 54 58 48 56 48
internal_value=0 0.0389664 0.0500012 -0.0500012 -0.0500012 -0.0500012 -0.0500012 -0.0500012
internal_weight=0.0604927 0.0339978 0.0302463 0.0264949 0.00375148 0.00239157 0.00370459 0.00239157
internal_count=2580 1450 1290 1130 160 102 158 102
is_linear=0
shrinkage=0.05


end of trees

feature_importances:
nominal_debit=400
time_interval=335
nominal_log=231
transaction_code_encoded=200
nominal_credit=34
risk_velocity=34
nominal_dev=33
rolling_tx_count_1h=4
day_of_week=4
hour=3
is_weekend=3
rolling_tx_count_24h=1
is_night=1
liquidation_ratio=1
transaction_category_encoded=1
transaction_channel_encoded=1
transaction_type_encoded=1
transaction_behavior_encoded=1
transaction_direction_encoded=1

parameters:
[boosting: gbdt]
[objective: binary]
[metric: binary_logloss,auc]
[tree_learner: serial]
[device_type: cpu]
[data_sample_strategy: bagging]
[data: ]
[valid: ]
[num_iterations: 200]
[learning_rate: 0.05]
[num_leaves: 31]
[num_threads: 0]
[seed: 0]
[deterministic: 0]
[force_col_wise: 0]
[force_row_wise: 0]
[histogram_pool_size: -1]
[max_depth: 6]
[min_data_in_leaf: 20]
[min_sum_hessian_in_leaf: 0.001]
[bagging_fraction: 1]
[pos_bagging_fraction: 1]
[neg_bagging_fraction: 1]
[bagging_freq: 0]
[bagging_seed: 3]
[bagging_by_query: 0]
[feature_fraction: 1]
[feature_fraction_bynode: 1]
[feature_fraction_seed: 2]
[extra_trees: 0]
[extra_seed: 6]
[early_stopping_round: 0]
[early_stopping_min_delta: 0]
[first_metric_only: 0]
[max_delta_step: 0]
[lambda_l1: 0]
[lambda_l2: 0]
[linear_lambda: 0]
[min_gain_to_split: 0]
[drop_rate: 0.1]
[max_drop: 50]
[skip_drop: 0.5]
[xgboost_dart_mode: 0]
[uniform_drop: 0]
[drop_seed: 4]
[top_rate: 0.2]
[other_rate: 0.1]
[min_data_per_group: 100]
[max_cat_threshold: 32]
[cat_l2: 10]
[cat_smooth: 10]
[max_cat_to_onehot: 4]
[top_k: 20]
[monotone_constraints: ]
[monotone_constraints_method: basic]
[monotone_penalty: 0]
[feature_contri: ]
[forcedsplits_filename: ]
[refit_decay_rate: 0.9]
[cegb_tradeoff: 1]
[cegb_penalty_split: 0]
[cegb_penalty_feature_lazy: ]
[cegb_penalty_feature_coupled: ]
[path_smooth: 0]
[interaction_constraints: ]
[verbosity: -1]
[saved_feature_importance_type: 0]
[use_quantized_grad: 0]
[num_grad_quant_bins: 4]
[quant_train_renew_leaf: 0]
[stochastic_rounding: 1]
[linear_tree: 0]
[max_bin: 255]
[max_bin_by_feature: ]
[min_data_in_bin: 3]
[bin_construct_sample_cnt: 200000]
[data_random_seed: 1]
[is_enable_sparse: 1]
[enable_bundle: 1]
[use_missing: 1]
[zero_as_missing: 0]
[feature_pre_filter: 1]
[pre_partition: 0]
[two_round: 0]
[header: 0]
[label_column: ]
[weight_column: ]
[group_column: ]
[ignore_column: ]
[categorical_feature: ]
[forcedbins_filename: ]
[precise_float_parser: 0]
[parser_config_file: ]
[objective_seed: 5]
[num_class: 1]
[is_unbalance: 0]
[scale_pos_weight: 1]
[sigmoid: 1]
[boost_from_average: 1]
[reg_sqrt: 0]
[alpha: 0.9]
[fair_c: 1]
[poisson_max_delta_step: 0.7]
[tweedie_variance_power: 1.5]
[lambdarank_truncation_level: 30]
[lambdarank_norm: 1]
[label_gain: ]
[lambdarank_position_bias_regularization: 0]
[eval_at: ]
[multi_error_top_k: 1]
[auc_mu_weights: ]
[num_machines: 1]
[local_listen_port: 12400]
[time_out: 120]
[machine_list_filename: ]
[machines: ]
[gpu_platform_id: -1]
[gpu_device_id: -1]
[gpu_device_id_list: ]
[gpu_use_dp: 0]
[num_gpu: 1]

end of parameters

pandas_categorical:[]
